calaccess_committee_id,committee_name,calaccess_filing_id,date_filed,from_date,thru_date,payments_made,loans_made,unpaid_bills,nonmonetary_adjustment,subtotal_cash_payments,total_expenditures_made
1386560,ADULT USE CAMPAIGN FOR PROPOSITION 64; THE,2083796,2016-09-29,2016-07-01,2016-09-24,11310.0,0.0,0.0,0.0,11310.0,11310.0
1386560,ADULT USE CAMPAIGN FOR PROPOSITION 64; THE,2098758,2016-10-28,2016-09-25,2016-10-22,1330.0,0.0,2532.0,500.0,1330.0,4362.0
1386560,ADULT USE CAMPAIGN FOR PROPOSITION 64; THE,2131665,2017-01-31,2016-10-23,2016-12-31,5793.0,0.0,-2532.0,2532.0,5793.0,5793.0
1372902,"AMERICAN PROGRESSIVE BAG ALLIANCE, A PROJECT OF THE SOCIETY OF THE PLASTICS INDUSTRY (NON-PROFIT 501 (C) (6)), YES ON 65 AND NO ON 67",1966084,2015-04-30,2015-01-01,2015-03-31,175000.0,0.0,-121459.0,90000.0,175000.0,143541.0
1372902,"AMERICAN PROGRESSIVE BAG ALLIANCE, A PROJECT OF THE SOCIETY OF THE PLASTICS INDUSTRY (NON-PROFIT 501 (C) (6)), YES ON 65 AND NO ON 67",1982896,2015-07-24,2015-04-01,2015-06-30,82659.0,0.0,-75455.0,0.0,82659.0,7204.0
1372902,"AMERICAN PROGRESSIVE BAG ALLIANCE, A PROJECT OF THE SOCIETY OF THE PLASTICS INDUSTRY (NON-PROFIT 501 (C) (6)), YES ON 65 AND NO ON 67",1998176,2015-10-26,2015-07-01,2015-09-30,0.0,0.0,0.0,0.0,0.0,0.0
1372902,"AMERICAN PROGRESSIVE BAG ALLIANCE, A PROJECT OF THE SOCIETY OF THE PLASTICS INDUSTRY (NON-PROFIT 501 (C) (6)), YES ON 65 AND NO ON 67",2012817,2016-02-01,2015-10-01,2015-12-31,374961.0,0.0,78619.0,0.0,374961.0,453580.0
1372902,"AMERICAN PROGRESSIVE BAG ALLIANCE, A PROJECT OF THE SOCIETY OF THE PLASTICS INDUSTRY (NON-PROFIT 501 (C) (6)), YES ON 65 AND NO ON 67",2038213,2016-06-13,2016-01-01,2016-03-31,1018427.0,0.0,-62923.0,117470.0,1018427.0,1072974.0
1372902,"AMERICAN PROGRESSIVE BAG ALLIANCE, A PROJECT OF THE SOCIETY OF THE PLASTICS INDUSTRY (NON-PROFIT 501 (C) (6)), YES ON 65 AND NO ON 67",2064842,2016-07-21,2016-04-01,2016-06-30,786526.0,0.0,38373.0,0.0,786526.0,824900.0
1372902,"AMERICAN PROGRESSIVE BAG ALLIANCE, A PROJECT OF THE SOCIETY OF THE PLASTICS INDUSTRY (NON-PROFIT 501 (C) (6)), YES ON 65 AND NO ON 67",2083549,2016-09-28,2016-07-01,2016-09-24,66121.0,0.0,59930.0,0.0,66121.0,126051.0
1372902,"AMERICAN PROGRESSIVE BAG ALLIANCE, A PROJECT OF THE SOCIETY OF THE PLASTICS INDUSTRY (NON-PROFIT 501 (C) (6)), YES ON 65 AND NO ON 67",2098375,2016-11-07,2016-09-25,2016-10-22,0.0,0.0,53906.0,0.0,0.0,53906.0
1372902,"AMERICAN PROGRESSIVE BAG ALLIANCE, A PROJECT OF THE SOCIETY OF THE PLASTICS INDUSTRY (NON-PROFIT 501 (C) (6)), YES ON 65 AND NO ON 67",2131654,2017-01-27,2016-10-23,2016-12-31,110569.0,0.0,-21599.0,0.0,110569.0,88970.0
1372902,"AMERICAN PROGRESSIVE BAG ALLIANCE, A PROJECT OF THE SOCIETY OF THE PLASTICS INDUSTRY (NON-PROFIT 501 (C) (6)), YES ON 65 AND NO ON 67",2147105,2017-03-09,2017-01-01,2017-03-08,244809.0,0.0,-146306.0,0.0,244809.0,98503.0
1378703,CALIFORNIA CALLS ACTION FUND (NONPROFIT 501(C)(4)),1979746,2015-07-29,2015-01-01,2015-06-30,20000.0,0.0,0.0,0.0,20000.0,20000.0
1378703,CALIFORNIA CALLS ACTION FUND (NONPROFIT 501(C)(4)),2064542,2016-08-01,2016-01-01,2016-06-30,88760.0,0.0,0.0,0.0,88760.0,88760.0
1378703,CALIFORNIA CALLS ACTION FUND (NONPROFIT 501(C)(4)),2083243,2016-09-29,2016-07-01,2016-09-24,0.0,0.0,0.0,0.0,0.0,0.0
1378703,CALIFORNIA CALLS ACTION FUND (NONPROFIT 501(C)(4)),2098579,2016-10-22,2016-09-25,2016-10-22,0.0,0.0,0.0,0.0,0.0,0.0
1378703,CALIFORNIA CALLS ACTION FUND (NONPROFIT 501(C)(4)),2130939,2017-01-31,2016-10-23,2016-12-31,100000.0,0.0,0.0,0.0,100000.0,100000.0
1389484,"CALIFORNIA CITIZENS AGAINST SPECIAL INTERESTS AND WASTEFUL TAXES, NO ON PROP. 56",2083592,2016-12-29,2016-01-01,2016-09-24,12181.0,0.0,2021.0,0.0,12181.0,14202.0
1389484,"CALIFORNIA CITIZENS AGAINST SPECIAL INTERESTS AND WASTEFUL TAXES, NO ON PROP. 56",2098540,2016-12-29,2016-09-25,2016-10-22,5816.0,0.0,646.0,0.0,5816.0,6463.0
1389484,"CALIFORNIA CITIZENS AGAINST SPECIAL INTERESTS AND WASTEFUL TAXES, NO ON PROP. 56",2117590,2017-01-05,2016-10-23,2016-12-31,14053.0,0.0,-2667.0,0.0,14053.0,11386.0
1389997,CALIFORNIA COMMON CAUSE -- YES ON 54 AND 59 (NONPROFIT 501(C)(4),2098058,2016-10-27,2016-01-01,2016-10-22,44092.0,0.0,3252.0,25000.0,44092.0,72344.0
1389997,CALIFORNIA COMMON CAUSE -- YES ON 54 AND 59 (NONPROFIT 501(C)(4),2130532,2017-02-01,2016-10-23,2016-12-31,8244.0,0.0,-1927.0,0.0,8244.0,6317.0
1389997,CALIFORNIA COMMON CAUSE -- YES ON 54 AND 59 (NONPROFIT 501(C)(4),2133918,2017-02-07,2017-01-01,2017-02-07,1325.0,0.0,-1325.0,0.0,1325.0,0.0
1302403,"CALIFORNIA CORRECTIONAL PEACE OFFICERS ASSOCIATION TRUTH IN AMERICAN GOVERNMENT FUND; NO ON PROPOSITION 62, YES ON PROPOSITION 66 (NON-PROFIT 501 (C) 5)",1982315,2015-07-21,2015-01-01,2015-06-30,130000.0,0.0,0.0,0.0,130000.0,130000.0
1302403,"CALIFORNIA CORRECTIONAL PEACE OFFICERS ASSOCIATION TRUTH IN AMERICAN GOVERNMENT FUND; NO ON PROPOSITION 62, YES ON PROPOSITION 66 (NON-PROFIT 501 (C) 5)",2013304,2016-01-22,2015-07-01,2015-12-31,183100.0,0.0,0.0,0.0,183100.0,183100.0
1302403,"CALIFORNIA CORRECTIONAL PEACE OFFICERS ASSOCIATION TRUTH IN AMERICAN GOVERNMENT FUND; NO ON PROPOSITION 62, YES ON PROPOSITION 66 (NON-PROFIT 501 (C) 5)",2034863,2016-04-27,2016-01-01,2016-04-23,164200.0,0.0,0.0,0.0,164200.0,164200.0
1302403,"CALIFORNIA CORRECTIONAL PEACE OFFICERS ASSOCIATION TRUTH IN AMERICAN GOVERNMENT FUND; NO ON PROPOSITION 62, YES ON PROPOSITION 66 (NON-PROFIT 501 (C) 5)",2046618,2016-05-25,2016-04-24,2016-05-21,230000.0,0.0,0.0,0.0,230000.0,230000.0
1302403,"CALIFORNIA CORRECTIONAL PEACE OFFICERS ASSOCIATION TRUTH IN AMERICAN GOVERNMENT FUND; NO ON PROPOSITION 62, YES ON PROPOSITION 66 (NON-PROFIT 501 (C) 5)",2064802,2016-07-28,2016-05-22,2016-06-30,35000.0,0.0,0.0,0.0,35000.0,35000.0
1302403,"CALIFORNIA CORRECTIONAL PEACE OFFICERS ASSOCIATION TRUTH IN AMERICAN GOVERNMENT FUND; NO ON PROPOSITION 62, YES ON PROPOSITION 66 (NON-PROFIT 501 (C) 5)",2083558,2016-10-26,2016-07-01,2016-09-24,285166.0,0.0,51900.0,0.0,285166.0,337066.0
1302403,"CALIFORNIA CORRECTIONAL PEACE OFFICERS ASSOCIATION TRUTH IN AMERICAN GOVERNMENT FUND; NO ON PROPOSITION 62, YES ON PROPOSITION 66 (NON-PROFIT 501 (C) 5)",2098206,2017-01-30,2016-09-25,2016-10-22,1061900.0,0.0,-51900.0,0.0,1061900.0,1010000.0
1302403,"CALIFORNIA CORRECTIONAL PEACE OFFICERS ASSOCIATION TRUTH IN AMERICAN GOVERNMENT FUND; NO ON PROPOSITION 62, YES ON PROPOSITION 66 (NON-PROFIT 501 (C) 5)",2130183,2017-01-30,2016-10-23,2016-12-31,1375000.0,0.0,0.0,0.0,1375000.0,1375000.0
1346973,CALIFORNIA GROCERS ASSOCIATION ISSUES COMMITTEE (NON-PROFIT 501(C) 6): YES ON PROPOSITION 67,1965934,2015-04-29,2015-01-01,2015-03-31,210050.0,0.0,0.0,1500.0,210050.0,211550.0
1346973,CALIFORNIA GROCERS ASSOCIATION ISSUES COMMITTEE (NON-PROFIT 501(C) 6): YES ON PROPOSITION 67,1982341,2015-07-21,2015-04-01,2015-06-30,0.0,0.0,0.0,1500.0,0.0,1500.0
1346973,CALIFORNIA GROCERS ASSOCIATION ISSUES COMMITTEE (NON-PROFIT 501(C) 6): YES ON PROPOSITION 67,1997913,2015-10-27,2015-07-01,2015-09-30,0.0,0.0,0.0,1000.0,0.0,1000.0
1346973,CALIFORNIA GROCERS ASSOCIATION ISSUES COMMITTEE (NON-PROFIT 501(C) 6): YES ON PROPOSITION 67,2012721,2016-01-27,2015-10-01,2015-12-31,0.0,0.0,0.0,3000.0,0.0,3000.0
1346973,CALIFORNIA GROCERS ASSOCIATION ISSUES COMMITTEE (NON-PROFIT 501(C) 6): YES ON PROPOSITION 67,2034871,2016-04-28,2016-01-01,2016-03-31,50.0,0.0,0.0,2000.0,50.0,2050.0
1346973,CALIFORNIA GROCERS ASSOCIATION ISSUES COMMITTEE (NON-PROFIT 501(C) 6): YES ON PROPOSITION 67,2064817,2016-07-29,2016-04-01,2016-06-30,0.0,0.0,0.0,1500.0,0.0,1500.0
1346973,CALIFORNIA GROCERS ASSOCIATION ISSUES COMMITTEE (NON-PROFIT 501(C) 6): YES ON PROPOSITION 67,2083561,2016-09-27,2016-07-01,2016-09-24,0.0,0.0,0.0,1500.0,0.0,1500.0
1346973,CALIFORNIA GROCERS ASSOCIATION ISSUES COMMITTEE (NON-PROFIT 501(C) 6): YES ON PROPOSITION 67,2098217,2016-10-24,2016-09-25,2016-10-22,0.0,0.0,0.0,500.0,0.0,500.0
1346973,CALIFORNIA GROCERS ASSOCIATION ISSUES COMMITTEE (NON-PROFIT 501(C) 6): YES ON PROPOSITION 67,2130570,2017-01-29,2016-10-23,2016-12-31,0.0,0.0,0.0,1000.0,0.0,1000.0
1385538,"CALIFORNIA KIDS CAMPAIGN, YES ON PROPS 55 & 56, SPONSORED AND MAJOR FUNDING BY COMMON SENSE KIDS ACTION, INC.",2064065,2017-03-08,2016-01-01,2016-06-30,0.0,0.0,21291.0,0.0,0.0,21291.0
1385538,"CALIFORNIA KIDS CAMPAIGN, YES ON PROPS 55 & 56, SPONSORED AND MAJOR FUNDING BY COMMON SENSE KIDS ACTION, INC.",2083617,2017-03-08,2016-07-01,2016-09-24,54559.0,0.0,-12601.0,0.0,54559.0,41958.0
1385538,"CALIFORNIA KIDS CAMPAIGN, YES ON PROPS 55 & 56, SPONSORED AND MAJOR FUNDING BY COMMON SENSE KIDS ACTION, INC.",2098528,2017-03-08,2016-09-25,2016-10-22,97820.0,0.0,70296.0,0.0,97820.0,168116.0
1385538,"CALIFORNIA KIDS CAMPAIGN, YES ON PROPS 55 & 56, SPONSORED AND MAJOR FUNDING BY COMMON SENSE KIDS ACTION, INC.",2130688,2017-03-08,2016-10-23,2016-12-31,115955.0,0.0,-7909.0,0.0,115955.0,108046.0
1346267,CALIFORNIA STATEWIDE LAW ENFORCEMENT ASSOCIATION ISSUES COMMITTEE (NON-PROFIT 501 (C) 5): YES ON PROPOSITION 57,1982376,2015-07-31,2015-01-01,2015-06-30,6050.0,0.0,0.0,0.0,6050.0,6050.0
1346267,CALIFORNIA STATEWIDE LAW ENFORCEMENT ASSOCIATION ISSUES COMMITTEE (NON-PROFIT 501 (C) 5): YES ON PROPOSITION 57,2012747,2016-01-27,2015-07-01,2015-12-31,0.0,0.0,0.0,0.0,0.0,0.0
1346267,CALIFORNIA STATEWIDE LAW ENFORCEMENT ASSOCIATION ISSUES COMMITTEE (NON-PROFIT 501 (C) 5): YES ON PROPOSITION 57,2034876,2016-04-27,2016-01-01,2016-04-23,120050.0,0.0,0.0,0.0,120050.0,120050.0
1346267,CALIFORNIA STATEWIDE LAW ENFORCEMENT ASSOCIATION ISSUES COMMITTEE (NON-PROFIT 501 (C) 5): YES ON PROPOSITION 57,2064825,2016-07-31,2016-04-24,2016-06-30,0.0,0.0,0.0,0.0,0.0,0.0
1346267,CALIFORNIA STATEWIDE LAW ENFORCEMENT ASSOCIATION ISSUES COMMITTEE (NON-PROFIT 501 (C) 5): YES ON PROPOSITION 57,2083567,2016-09-28,2016-07-01,2016-09-24,26000.0,0.0,0.0,2686.0,26000.0,28686.0
1346267,CALIFORNIA STATEWIDE LAW ENFORCEMENT ASSOCIATION ISSUES COMMITTEE (NON-PROFIT 501 (C) 5): YES ON PROPOSITION 57,2098221,2016-10-24,2016-09-25,2016-10-22,0.0,0.0,0.0,0.0,0.0,0.0
1346267,CALIFORNIA STATEWIDE LAW ENFORCEMENT ASSOCIATION ISSUES COMMITTEE (NON-PROFIT 501 (C) 5): YES ON PROPOSITION 57,2130585,2017-01-30,2016-10-23,2016-12-31,0.0,0.0,0.0,0.0,0.0,0.0
1382843,CALIFORNIA TAXPAYERS AND EDUCATORS OPPOSED TO SPRAWL AND DEVELOPER ABUSE,2053247,2016-06-27,2016-01-01,2016-06-27,0.0,0.0,0.0,0.0,0.0,0.0
1385928,CALIFORNIANS FOR AN EFFECTIVE LEGISLATURE,2106433,2016-11-08,2016-10-17,2016-11-08,0.0,0.0,0.0,27304.0,0.0,27304.0
1385928,CALIFORNIANS FOR AN EFFECTIVE LEGISLATURE,2140631,2017-02-22,2016-11-09,2016-12-07,0.0,0.0,0.0,0.0,0.0,0.0
1381488,"CALIFORNIANS FOR HOSPITAL ACCOUNTABILITY AND QUALITY CARE - NO ON 52, SPONSORED BY SERVICE EMPLOYEES INTERNATIONAL UNION - UNITED HEALTHCARE WORKERS WEST",2012153,2016-02-01,2015-01-01,2015-12-31,5093.0,0.0,0.0,0.0,5093.0,5093.0
1381488,"CALIFORNIANS FOR HOSPITAL ACCOUNTABILITY AND QUALITY CARE - NO ON 52, SPONSORED BY SERVICE EMPLOYEES INTERNATIONAL UNION - UNITED HEALTHCARE WORKERS WEST",2038328,2016-05-02,2016-01-01,2016-03-31,842215.0,0.0,25589.0,32458.0,842215.0,900262.0
1381488,"CALIFORNIANS FOR HOSPITAL ACCOUNTABILITY AND QUALITY CARE - NO ON 52, SPONSORED BY SERVICE EMPLOYEES INTERNATIONAL UNION - UNITED HEALTHCARE WORKERS WEST",2061429,2016-09-29,2016-04-01,2016-06-30,2438823.0,0.0,57750.0,155428.0,2438823.0,2652001.0
1381488,"CALIFORNIANS FOR HOSPITAL ACCOUNTABILITY AND QUALITY CARE - NO ON 52, SPONSORED BY SERVICE EMPLOYEES INTERNATIONAL UNION - UNITED HEALTHCARE WORKERS WEST",2083140,2016-09-29,2016-07-01,2016-09-24,240504.0,0.0,-83339.0,0.0,240504.0,157165.0
1381488,"CALIFORNIANS FOR HOSPITAL ACCOUNTABILITY AND QUALITY CARE - NO ON 52, SPONSORED BY SERVICE EMPLOYEES INTERNATIONAL UNION - UNITED HEALTHCARE WORKERS WEST",2097974,2016-10-27,2016-09-25,2016-10-22,0.0,0.0,0.0,265.0,0.0,265.0
1381488,"CALIFORNIANS FOR HOSPITAL ACCOUNTABILITY AND QUALITY CARE - NO ON 52, SPONSORED BY SERVICE EMPLOYEES INTERNATIONAL UNION - UNITED HEALTHCARE WORKERS WEST",2118320,2017-01-10,2016-10-23,2016-12-31,0.0,0.0,0.0,0.0,0.0,0.0
1343793,"CALIFORNIANS FOR RESPONSIBLE MARIJUANA REFORM, SPONSORED BY DRUG POLICY ACTION, YES ON PROP. 64",1982532,2015-07-11,2015-01-01,2015-06-30,50.0,0.0,0.0,0.0,50.0,50.0
1343793,"CALIFORNIANS FOR RESPONSIBLE MARIJUANA REFORM, SPONSORED BY DRUG POLICY ACTION, YES ON PROP. 64",2012410,2016-02-01,2015-07-01,2015-12-31,10.0,0.0,0.0,0.0,10.0,10.0
1343793,"CALIFORNIANS FOR RESPONSIBLE MARIJUANA REFORM, SPONSORED BY DRUG POLICY ACTION, YES ON PROP. 64",2038717,2016-05-21,2016-01-01,2016-03-31,14730.0,0.0,7239.0,0.0,14730.0,21969.0
1343793,"CALIFORNIANS FOR RESPONSIBLE MARIJUANA REFORM, SPONSORED BY DRUG POLICY ACTION, YES ON PROP. 64",2063970,2016-07-28,2016-04-01,2016-06-30,370533.0,0.0,43432.0,0.0,370533.0,413965.0
1343793,"CALIFORNIANS FOR RESPONSIBLE MARIJUANA REFORM, SPONSORED BY DRUG POLICY ACTION, YES ON PROP. 64",2083494,2016-10-26,2016-07-01,2016-09-24,608363.0,0.0,186707.0,0.0,608363.0,795069.0
1343793,"CALIFORNIANS FOR RESPONSIBLE MARIJUANA REFORM, SPONSORED BY DRUG POLICY ACTION, YES ON PROP. 64",2098546,2016-10-27,2016-09-25,2016-10-22,100672.0,0.0,14501.0,0.0,100672.0,115173.0
1343793,"CALIFORNIANS FOR RESPONSIBLE MARIJUANA REFORM, SPONSORED BY DRUG POLICY ACTION, YES ON PROP. 64",2130986,2017-01-31,2016-10-23,2016-12-31,653.0,0.0,246019.0,14697.0,653.0,261369.0
1376077,"CALIFORNIANS FOR SENSIBLE REFORM, SPONSORED BY GHOST MANAGEMENT GROUP, LLC DBA WEEDMAPS",1982136,2015-07-17,2015-01-01,2015-06-30,35494.0,0.0,768.0,0.0,35494.0,36262.0
1376077,"CALIFORNIANS FOR SENSIBLE REFORM, SPONSORED BY GHOST MANAGEMENT GROUP, LLC DBA WEEDMAPS",2004002,2016-01-09,2015-07-01,2015-12-31,22772.0,0.0,-768.0,0.0,22772.0,22004.0
1376077,"CALIFORNIANS FOR SENSIBLE REFORM, SPONSORED BY GHOST MANAGEMENT GROUP, LLC DBA WEEDMAPS",2030791,2016-04-13,2016-01-01,2016-03-31,754309.0,0.0,0.0,0.0,754309.0,754309.0
1376077,"CALIFORNIANS FOR SENSIBLE REFORM, SPONSORED BY GHOST MANAGEMENT GROUP, LLC DBA WEEDMAPS",2055369,2016-07-13,2016-04-01,2016-06-30,2129.0,0.0,0.0,0.0,2129.0,2129.0
1376077,"CALIFORNIANS FOR SENSIBLE REFORM, SPONSORED BY GHOST MANAGEMENT GROUP, LLC DBA WEEDMAPS",2082735,2016-09-26,2016-07-01,2016-09-24,1391.0,0.0,0.0,0.0,1391.0,1391.0
1376077,"CALIFORNIANS FOR SENSIBLE REFORM, SPONSORED BY GHOST MANAGEMENT GROUP, LLC DBA WEEDMAPS",2096993,2016-10-23,2016-09-25,2016-10-22,1307.0,0.0,0.0,0.0,1307.0,1307.0
1376077,"CALIFORNIANS FOR SENSIBLE REFORM, SPONSORED BY GHOST MANAGEMENT GROUP, LLC DBA WEEDMAPS",2125492,2017-01-17,2016-10-23,2016-12-31,2391.0,0.0,0.0,0.0,2391.0,2391.0
1346266,"CALIFORNIANS TO MEND, NOT END, THE DEATH PENALTY. NO ON PROP 62, YES ON PROP 66. SUPPORTED BY PROSECUTORS, LAW ENFORCEMENT, AND FAMILIES OF VICTIMS.",1982572,2015-07-31,2015-01-01,2015-06-30,2258.0,0.0,882.0,0.0,2258.0,3140.0
1346266,"CALIFORNIANS TO MEND, NOT END, THE DEATH PENALTY. NO ON PROP 62, YES ON PROP 66. SUPPORTED BY PROSECUTORS, LAW ENFORCEMENT, AND FAMILIES OF VICTIMS.",2012262,2016-02-01,2015-07-01,2015-12-31,381811.0,0.0,1976.0,384.0,381811.0,384171.0
1346266,"CALIFORNIANS TO MEND, NOT END, THE DEATH PENALTY. NO ON PROP 62, YES ON PROP 66. SUPPORTED BY PROSECUTORS, LAW ENFORCEMENT, AND FAMILIES OF VICTIMS.",2038260,2016-05-02,2016-01-01,2016-03-31,996139.0,0.0,20546.0,0.0,996139.0,1016685.0
1346266,"CALIFORNIANS TO MEND, NOT END, THE DEATH PENALTY. NO ON PROP 62, YES ON PROP 66. SUPPORTED BY PROSECUTORS, LAW ENFORCEMENT, AND FAMILIES OF VICTIMS.",2064651,2016-08-01,2016-04-01,2016-06-30,2232960.0,0.0,195463.0,4050.0,2232960.0,2432473.0
1346266,"CALIFORNIANS TO MEND, NOT END, THE DEATH PENALTY. NO ON PROP 62, YES ON PROP 66. SUPPORTED BY PROSECUTORS, LAW ENFORCEMENT, AND FAMILIES OF VICTIMS.",2083242,2017-02-10,2016-07-01,2016-09-24,198600.0,0.0,114295.0,342709.0,198600.0,655603.0
1346266,"CALIFORNIANS TO MEND, NOT END, THE DEATH PENALTY. NO ON PROP 62, YES ON PROP 66. SUPPORTED BY PROSECUTORS, LAW ENFORCEMENT, AND FAMILIES OF VICTIMS.",2097979,2017-01-31,2016-09-25,2016-10-22,405138.0,0.0,252491.0,300000.0,405138.0,957629.0
1346266,"CALIFORNIANS TO MEND, NOT END, THE DEATH PENALTY. NO ON PROP 62, YES ON PROP 66. SUPPORTED BY PROSECUTORS, LAW ENFORCEMENT, AND FAMILIES OF VICTIMS.",2130372,2017-03-13,2016-10-23,2016-12-31,234061.0,0.0,-102334.0,27003.0,234061.0,158730.0
1387575,CIVIC PARTICIPATION ACTION FUND - YES ON 57 (NONPROFIT 501(C)(4)),2062486,2016-08-01,2016-01-01,2016-06-30,88760.0,0.0,0.0,0.0,88760.0,88760.0
1387575,CIVIC PARTICIPATION ACTION FUND - YES ON 57 (NONPROFIT 501(C)(4)),2083221,2016-09-29,2016-07-01,2016-09-24,0.0,0.0,0.0,0.0,0.0,0.0
1387575,CIVIC PARTICIPATION ACTION FUND - YES ON 57 (NONPROFIT 501(C)(4)),2098583,2016-10-22,2016-09-25,2016-10-22,0.0,0.0,0.0,0.0,0.0,0.0
1387575,CIVIC PARTICIPATION ACTION FUND - YES ON 57 (NONPROFIT 501(C)(4)),2130924,2017-01-31,2016-10-23,2016-12-31,100000.0,0.0,0.0,0.0,100000.0,100000.0
1382067,"COALITION FOR CIVIL LIBERTIES - NO ON 63, A PROJECT OF CALIFORNIA RIFLE & PISTOL ASSOCIATION",2038369,2017-01-26,2016-01-01,2016-03-31,42342.0,0.0,111253.0,0.0,42342.0,153595.0
1382067,"COALITION FOR CIVIL LIBERTIES - NO ON 63, A PROJECT OF CALIFORNIA RIFLE & PISTOL ASSOCIATION",2064114,2017-01-26,2016-04-01,2016-06-30,130024.0,0.0,13064.0,42562.0,130024.0,185649.0
1382067,"COALITION FOR CIVIL LIBERTIES - NO ON 63, A PROJECT OF CALIFORNIA RIFLE & PISTOL ASSOCIATION",2082835,2017-01-26,2016-07-01,2016-09-24,146782.0,0.0,-203.0,0.0,146782.0,146580.0
1382067,"COALITION FOR CIVIL LIBERTIES - NO ON 63, A PROJECT OF CALIFORNIA RIFLE & PISTOL ASSOCIATION",2097584,2017-03-09,2016-09-25,2016-10-22,115334.0,0.0,27498.0,14336.0,115334.0,157168.0
1382067,"COALITION FOR CIVIL LIBERTIES - NO ON 63, A PROJECT OF CALIFORNIA RIFLE & PISTOL ASSOCIATION",2129919,2017-03-09,2016-10-23,2016-12-31,127108.0,0.0,-58214.0,1008.0,127108.0,69903.0
1390602,"COMMON SENSE KIDS ACTION, INC., YES ON PROPS. 55 AND 56 (NONPROFIT 501 (C) (4))",2083571,2016-09-29,2016-01-01,2016-09-24,295000.0,0.0,0.0,0.0,295000.0,295000.0
1390602,"COMMON SENSE KIDS ACTION, INC., YES ON PROPS. 55 AND 56 (NONPROFIT 501 (C) (4))",2098599,2016-10-22,2016-09-25,2016-10-22,0.0,0.0,0.0,0.0,0.0,0.0
1390602,"COMMON SENSE KIDS ACTION, INC., YES ON PROPS. 55 AND 56 (NONPROFIT 501 (C) (4))",2130856,2017-01-31,2016-10-23,2016-12-31,0.0,0.0,0.0,0.0,0.0,0.0
1220380,"COMMUNITY COLLEGE FACILITY COALITION ISSUES COMMITTEE, YES ON 51",1982928,2015-07-24,2015-01-01,2015-06-30,103112.0,0.0,-17.0,0.0,103112.0,103095.0
1220380,"COMMUNITY COLLEGE FACILITY COALITION ISSUES COMMITTEE, YES ON 51",2012862,2016-01-25,2015-07-01,2015-12-31,104086.0,0.0,1435.0,0.0,104086.0,105521.0
1220380,"COMMUNITY COLLEGE FACILITY COALITION ISSUES COMMITTEE, YES ON 51",2038237,2016-05-13,2016-01-01,2016-03-31,257090.0,0.0,12152.0,0.0,257090.0,269242.0
1220380,"COMMUNITY COLLEGE FACILITY COALITION ISSUES COMMITTEE, YES ON 51",2064856,2016-08-01,2016-04-01,2016-06-30,19525.0,0.0,-14007.0,0.0,19525.0,5518.0
1220380,"COMMUNITY COLLEGE FACILITY COALITION ISSUES COMMITTEE, YES ON 51",2083640,2016-09-28,2016-07-01,2016-09-24,19410.0,0.0,1820.0,0.0,19410.0,21230.0
1220380,"COMMUNITY COLLEGE FACILITY COALITION ISSUES COMMITTEE, YES ON 51",2098514,2017-01-18,2016-09-25,2016-10-22,182311.0,0.0,-2572.0,1500.0,182311.0,181239.0
1220380,"COMMUNITY COLLEGE FACILITY COALITION ISSUES COMMITTEE, YES ON 51",2131646,2017-01-21,2016-10-23,2016-12-31,116.0,0.0,5549.0,0.0,116.0,5665.0
1387641,"CONSUMER WATCHDOG CAMPAIGN - YES ON 61, MAJOR FUNDING BY YES ON PROP 61, CALIFORNIANS FOR LOWER DRUG PRICES, WITH MAJOR FUNDING BY AIDS HEALTHCARE FOUNDATION AND CALIFORNIA NURSES ASSOCIATION PAC",2083219,2016-09-27,2016-01-01,2016-09-24,60709.0,0.0,4205.0,146.0,60709.0,65060.0
1387641,"CONSUMER WATCHDOG CAMPAIGN - YES ON 61, MAJOR FUNDING BY YES ON PROP 61, CALIFORNIANS FOR LOWER DRUG PRICES, WITH MAJOR FUNDING BY AIDS HEALTHCARE FOUNDATION AND CALIFORNIA NURSES ASSOCIATION PAC",2098332,2016-10-28,2016-09-25,2016-10-22,34563.0,0.0,9694.0,0.0,34563.0,44257.0
1387641,"CONSUMER WATCHDOG CAMPAIGN - YES ON 61, MAJOR FUNDING BY YES ON PROP 61, CALIFORNIANS FOR LOWER DRUG PRICES, WITH MAJOR FUNDING BY AIDS HEALTHCARE FOUNDATION AND CALIFORNIA NURSES ASSOCIATION PAC",2130089,2017-01-31,2016-10-23,2016-12-31,68920.0,0.0,-13899.0,0.0,68920.0,55021.0
1385506,"DRUG POLICY ACTION - NON PROFIT 501C4, YES ON PROP. 64",2064069,2016-07-26,2016-01-01,2016-06-30,1470000.0,0.0,0.0,0.0,1470000.0,1470000.0
1385506,"DRUG POLICY ACTION - NON PROFIT 501C4, YES ON PROP. 64",2083608,2016-09-27,2016-07-01,2016-09-24,3000000.0,0.0,0.0,0.0,3000000.0,3000000.0
1385506,"DRUG POLICY ACTION - NON PROFIT 501C4, YES ON PROP. 64",2098521,2016-10-25,2016-09-25,2016-10-22,0.0,0.0,0.0,0.0,0.0,0.0
1385506,"DRUG POLICY ACTION - NON PROFIT 501C4, YES ON PROP. 64",2130998,2017-01-24,2016-10-23,2016-12-31,0.0,0.0,0.0,0.0,0.0,0.0
1383858,"FIGHT CANCER - YES ON 56, SPONSORED BY AMERICAN CANCER SOCIETY, INC. AND AMERICAN CANCER SOCIETY CANCER ACTION NETWORK, INC.",2038272,2016-08-19,2016-01-01,2016-03-31,0.0,0.0,108047.0,4080.0,0.0,112127.0
1383858,"FIGHT CANCER - YES ON 56, SPONSORED BY AMERICAN CANCER SOCIETY, INC. AND AMERICAN CANCER SOCIETY CANCER ACTION NETWORK, INC.",2064784,2017-01-31,2016-04-01,2016-06-30,242718.0,0.0,69833.0,535.0,242718.0,313086.0
1383858,"FIGHT CANCER - YES ON 56, SPONSORED BY AMERICAN CANCER SOCIETY, INC. AND AMERICAN CANCER SOCIETY CANCER ACTION NETWORK, INC.",2083505,2017-01-31,2016-07-01,2016-09-24,30135.0,0.0,34436.0,0.0,30135.0,64572.0
1383858,"FIGHT CANCER - YES ON 56, SPONSORED BY AMERICAN CANCER SOCIETY, INC. AND AMERICAN CANCER SOCIETY CANCER ACTION NETWORK, INC.",2098625,2017-01-31,2016-09-25,2016-10-22,220.0,0.0,37051.0,0.0,220.0,37271.0
1383858,"FIGHT CANCER - YES ON 56, SPONSORED BY AMERICAN CANCER SOCIETY, INC. AND AMERICAN CANCER SOCIETY CANCER ACTION NETWORK, INC.",2130471,2017-01-31,2016-10-23,2016-12-31,561432.0,0.0,-249368.0,36939.0,561432.0,349003.0
1385745,FUND FOR POLICY REFORM (NONPROFIT 501(C)(4)),2057298,2016-07-22,2016-01-01,2016-06-30,970000.0,0.0,0.0,0.0,970000.0,970000.0
1385745,FUND FOR POLICY REFORM (NONPROFIT 501(C)(4)),2082414,2016-09-28,2016-07-01,2016-09-24,2970000.0,0.0,0.0,0.0,2970000.0,2970000.0
1385745,FUND FOR POLICY REFORM (NONPROFIT 501(C)(4)),2096507,2016-10-26,2016-09-25,2016-10-22,2200000.0,0.0,0.0,0.0,2200000.0,2200000.0
1385745,FUND FOR POLICY REFORM (NONPROFIT 501(C)(4)),2119554,2017-01-13,2016-10-23,2016-12-31,0.0,0.0,0.0,0.0,0.0,0.0
1392066,FWD.US (NONPROFIT 501(C)(4)) IN SUPPORT OF PROPOSITION 57 WITH HELP FROM CITIZENS FOR PUBLIC SAFETY AND OPPORTUNITY,2128516,2017-01-31,2016-10-28,2016-12-31,1000000.0,0.0,0.0,0.0,1000000.0,1000000.0
1374153,"LARA BALLOT MEASURE COMMITTEE; CALIFORNIANS FOR A 21ST CENTURY ECONOMY - YES ON 58, A RICARDO",1978762,2015-07-31,2015-01-01,2015-06-30,4375.0,0.0,309.0,0.0,4375.0,4684.0
1374153,"LARA BALLOT MEASURE COMMITTEE; CALIFORNIANS FOR A 21ST CENTURY ECONOMY - YES ON 58, A RICARDO",2012135,2016-02-01,2015-07-01,2015-12-31,22198.0,0.0,-309.0,0.0,22198.0,21889.0
1374153,"LARA BALLOT MEASURE COMMITTEE; CALIFORNIANS FOR A 21ST CENTURY ECONOMY - YES ON 58, A RICARDO",2034324,2016-04-28,2016-01-01,2016-04-23,104969.0,0.0,972.0,0.0,104969.0,105940.0
1374153,"LARA BALLOT MEASURE COMMITTEE; CALIFORNIANS FOR A 21ST CENTURY ECONOMY - YES ON 58, A RICARDO",2046840,2016-05-26,2016-04-24,2016-05-21,3135.0,0.0,-972.0,0.0,3135.0,2163.0
1374153,"LARA BALLOT MEASURE COMMITTEE; CALIFORNIANS FOR A 21ST CENTURY ECONOMY - YES ON 58, A RICARDO",2063925,2016-08-01,2016-05-22,2016-06-30,3056.0,0.0,0.0,0.0,3056.0,3056.0
1374153,"LARA BALLOT MEASURE COMMITTEE; CALIFORNIANS FOR A 21ST CENTURY ECONOMY - YES ON 58, A RICARDO",2083127,2016-09-29,2016-07-01,2016-09-24,11824.0,0.0,0.0,5151.0,11824.0,16975.0
1374153,"LARA BALLOT MEASURE COMMITTEE; CALIFORNIANS FOR A 21ST CENTURY ECONOMY - YES ON 58, A RICARDO",2097964,2016-10-27,2016-09-25,2016-10-22,62688.0,0.0,0.0,0.0,62688.0,62688.0
1374153,"LARA BALLOT MEASURE COMMITTEE; CALIFORNIANS FOR A 21ST CENTURY ECONOMY - YES ON 58, A RICARDO",2130268,2017-01-31,2016-10-23,2016-12-31,6476.0,0.0,3964.0,0.0,6476.0,10440.0
1336580,"LOS ANGELES POLICE PROTECTIVE LEAGUE ISSUES PAC - YES ON 66, NO ON 57",1977155,2015-07-24,2015-01-01,2015-06-30,24563.0,0.0,0.0,0.0,24563.0,24563.0
1336580,"LOS ANGELES POLICE PROTECTIVE LEAGUE ISSUES PAC - YES ON 66, NO ON 57",2007235,2016-01-26,2015-07-01,2015-12-31,128522.0,0.0,0.0,0.0,128522.0,128522.0
1336580,"LOS ANGELES POLICE PROTECTIVE LEAGUE ISSUES PAC - YES ON 66, NO ON 57",2058038,2016-07-25,2016-01-01,2016-06-30,109543.0,0.0,0.0,0.0,109543.0,109543.0
1336580,"LOS ANGELES POLICE PROTECTIVE LEAGUE ISSUES PAC - YES ON 66, NO ON 57",2082629,2016-09-28,2016-07-01,2016-09-24,6974.0,0.0,0.0,0.0,6974.0,6974.0
1336580,"LOS ANGELES POLICE PROTECTIVE LEAGUE ISSUES PAC - YES ON 66, NO ON 57",2097708,2016-10-27,2016-09-25,2016-10-22,418.0,0.0,0.0,0.0,418.0,418.0
1336580,"LOS ANGELES POLICE PROTECTIVE LEAGUE ISSUES PAC - YES ON 66, NO ON 57",2129448,2017-01-30,2016-10-23,2016-12-31,88625.0,0.0,1150.0,0.0,88625.0,89775.0
1387856,MAKE THEM LISTEN - YES ON 59,2095377,2016-10-25,2016-09-25,2016-10-22,5341.0,0.0,0.0,0.0,5341.0,5341.0
1387856,MAKE THEM LISTEN - YES ON 59,2118879,2017-01-11,2016-10-23,2016-12-31,927.0,0.0,0.0,0.0,927.0,927.0
1371855,"MARIJUANA POLICY PROJECT OF CALIFORNIA, YES ON 64",1998126,2015-11-04,2015-07-01,2015-09-30,60.0,0.0,0.0,6597.0,60.0,6657.0
1371855,"MARIJUANA POLICY PROJECT OF CALIFORNIA, YES ON 64",2009762,2016-01-29,2015-10-01,2015-12-31,389.0,0.0,0.0,5238.0,389.0,5627.0
1371855,"MARIJUANA POLICY PROJECT OF CALIFORNIA, YES ON 64",2034099,2016-05-13,2016-01-01,2016-03-31,250908.0,0.0,0.0,7227.0,250908.0,258135.0
1371855,"MARIJUANA POLICY PROJECT OF CALIFORNIA, YES ON 64",2060277,2016-07-28,2016-04-01,2016-06-30,250698.0,0.0,0.0,5600.0,250698.0,256298.0
1371855,"MARIJUANA POLICY PROJECT OF CALIFORNIA, YES ON 64",2082278,2016-10-21,2016-07-01,2016-09-24,354.0,0.0,0.0,0.0,354.0,354.0
1371855,"MARIJUANA POLICY PROJECT OF CALIFORNIA, YES ON 64",2096054,2016-10-26,2016-09-25,2016-10-22,35072.0,0.0,0.0,0.0,35072.0,35072.0
1371855,"MARIJUANA POLICY PROJECT OF CALIFORNIA, YES ON 64",2125489,2017-01-27,2016-10-31,2016-12-31,204978.0,0.0,0.0,0.0,204978.0,204978.0
1371855,"MARIJUANA POLICY PROJECT OF CALIFORNIA, YES ON 64",2138649,2017-02-17,2017-01-01,2017-01-30,543.0,0.0,0.0,0.0,543.0,543.0
1384591,"MILLION VOTER PROJECT ACTION FUND - YES ON 55 AND 57, SPONSORED BY SOCIAL JUSTICE ORGANIZATIONS",2062538,2016-07-29,2016-01-01,2016-06-30,684395.0,0.0,0.0,0.0,684395.0,684395.0
1384591,"MILLION VOTER PROJECT ACTION FUND - YES ON 55 AND 57, SPONSORED BY SOCIAL JUSTICE ORGANIZATIONS",2083190,2016-11-18,2016-07-01,2016-09-24,250.0,0.0,1672.0,0.0,250.0,1922.0
1384591,"MILLION VOTER PROJECT ACTION FUND - YES ON 55 AND 57, SPONSORED BY SOCIAL JUSTICE ORGANIZATIONS",2098637,2016-11-18,2016-09-25,2016-10-22,1666664.0,0.0,422.0,0.0,1666664.0,1667086.0
1384591,"MILLION VOTER PROJECT ACTION FUND - YES ON 55 AND 57, SPONSORED BY SOCIAL JUSTICE ORGANIZATIONS",2130954,2017-01-31,2016-10-23,2016-12-31,620649.0,0.0,-2095.0,0.0,620649.0,618554.0
1391170,"MILLION VOTER PROJECT ACTION FUND - YES ON 55, 56, 57, 58, 62, AND NO ON 66, SPONSORED BY SOCIAL JUSTICE ADVOCATES AND ORGANIZATIONS",2098635,2016-12-21,2016-01-01,2016-10-22,1447747.0,0.0,3584.0,0.0,1447747.0,1451331.0
1391170,"MILLION VOTER PROJECT ACTION FUND - YES ON 55, 56, 57, 58, 62, AND NO ON 66, SPONSORED BY SOCIAL JUSTICE ADVOCATES AND ORGANIZATIONS",2117213,2016-12-20,2016-10-23,2016-12-20,662253.0,0.0,-3584.0,0.0,662253.0,658669.0
1390962,MOMS STRONG AGAINST PROP 64,2095848,2016-10-25,2016-09-25,2016-10-22,0.0,0.0,0.0,0.0,0.0,0.0
1390962,MOMS STRONG AGAINST PROP 64,2108681,2016-11-29,2016-07-01,2016-12-31,6282.0,0.0,0.0,0.0,6282.0,6282.0
1382525,NEW APPROACH PAC (MPO),2038497,2016-05-02,2016-01-01,2016-03-31,1090756.0,0.0,0.0,0.0,1090756.0,1090756.0
1382525,NEW APPROACH PAC (MPO),2063087,2016-08-01,2016-04-01,2016-06-30,655780.0,0.0,0.0,0.0,655780.0,655780.0
1382525,NEW APPROACH PAC (MPO),2083758,2016-09-29,2016-07-01,2016-09-24,4912044.0,0.0,0.0,0.0,4912044.0,4912044.0
1382525,NEW APPROACH PAC (MPO),2098142,2016-10-27,2016-09-25,2016-10-22,5607627.0,0.0,0.0,0.0,5607627.0,5607627.0
1382525,NEW APPROACH PAC (MPO),2131129,2017-01-31,2016-10-23,2016-12-31,833052.0,0.0,0.0,0.0,833052.0,833052.0
1380675,"NEWSOM BALLOT MEASURE COMMITTEE; SAFETY FOR ALL, YES ON PROP. 63,",2013128,2017-01-27,2015-01-01,2015-12-31,32474.0,0.0,8530.0,8900.0,32474.0,49904.0
1380675,"NEWSOM BALLOT MEASURE COMMITTEE; SAFETY FOR ALL, YES ON PROP. 63,",2038645,2016-05-16,2016-01-01,2016-03-31,1400952.0,0.0,90105.0,322618.0,1400952.0,1813676.0
1380675,"NEWSOM BALLOT MEASURE COMMITTEE; SAFETY FOR ALL, YES ON PROP. 63,",2064720,2016-09-13,2016-04-01,2016-06-30,1116974.0,0.0,-61702.0,804212.0,1116974.0,1859485.0
1380675,"NEWSOM BALLOT MEASURE COMMITTEE; SAFETY FOR ALL, YES ON PROP. 63,",2083720,2016-10-25,2016-07-01,2016-09-24,360489.0,0.0,-36934.0,64828.0,360489.0,388383.0
1380675,"NEWSOM BALLOT MEASURE COMMITTEE; SAFETY FOR ALL, YES ON PROP. 63,",2098615,2016-11-06,2016-09-25,2016-10-22,150959.0,0.0,0.0,14528.0,150959.0,165486.0
1380675,"NEWSOM BALLOT MEASURE COMMITTEE; SAFETY FOR ALL, YES ON PROP. 63,",2130933,2017-01-30,2016-10-23,2016-12-31,260904.0,0.0,1670.0,1681.0,260904.0,264256.0
1389930,"NO ON 53, NEIGHBORS DEFENDING LOCAL CONTROL",2083513,2016-09-27,2016-01-01,2016-09-24,50.0,0.0,7824.0,0.0,50.0,7874.0
1389930,"NO ON 53, NEIGHBORS DEFENDING LOCAL CONTROL",2098031,2016-10-25,2016-09-25,2016-10-22,9372.0,0.0,-7824.0,0.0,9372.0,1548.0
1389930,"NO ON 53, NEIGHBORS DEFENDING LOCAL CONTROL",2129861,2017-01-19,2016-10-23,2016-12-31,339.0,0.0,0.0,0.0,339.0,339.0
1389930,"NO ON 53, NEIGHBORS DEFENDING LOCAL CONTROL",2146169,2017-02-13,2017-01-01,2017-02-13,239.0,0.0,0.0,0.0,239.0,239.0
1386637,"NO ON 56 - STOP THE SPECIAL INTEREST TAX GRAB. MAJOR FUNDING BY PHILIP MORRIS USA INC. AND R.J. REYNOLDS TOBACCO COMPANY, WITH A COALITION OF TAXPAYERS, EDUCATORS, HEALTHCARE PROFESSIONALS, LAW ...",2083642,2016-10-27,2016-01-01,2016-09-24,26233830.0,0.0,549106.0,1265628.0,26233830.0,28048564.0
1386637,"NO ON 56 - STOP THE SPECIAL INTEREST TAX GRAB. MAJOR FUNDING BY PHILIP MORRIS USA INC. AND R.J. REYNOLDS TOBACCO COMPANY, WITH A COALITION OF TAXPAYERS, EDUCATORS, HEALTHCARE PROFESSIONALS, LAW ...",2098403,2017-01-31,2016-09-25,2016-10-22,36556244.0,0.0,-338726.0,329379.0,36556244.0,36546897.0
1386637,"NO ON 56 - STOP THE SPECIAL INTEREST TAX GRAB. MAJOR FUNDING BY PHILIP MORRIS USA INC. AND R.J. REYNOLDS TOBACCO COMPANY, WITH A COALITION OF TAXPAYERS, EDUCATORS, HEALTHCARE PROFESSIONALS, LAW ...",2131653,2017-01-31,2016-10-23,2016-12-31,5975790.0,0.0,-197485.0,152194.0,5975790.0,5930499.0
1386627,NO ON 57 - STOP EARLY RELEASE OF VIOLENT CRIMINALS (SERVC),2064665,2016-08-01,2016-01-01,2016-06-30,0.0,0.0,1403.0,0.0,0.0,1403.0
1386627,NO ON 57 - STOP EARLY RELEASE OF VIOLENT CRIMINALS (SERVC),2083269,2016-09-29,2016-07-01,2016-09-24,135136.0,0.0,105852.0,1736.0,135136.0,242724.0
1386627,NO ON 57 - STOP EARLY RELEASE OF VIOLENT CRIMINALS (SERVC),2097992,2016-10-27,2016-09-25,2016-10-22,328145.0,0.0,-74537.0,23194.0,328145.0,276803.0
1386627,NO ON 57 - STOP EARLY RELEASE OF VIOLENT CRIMINALS (SERVC),2130393,2017-01-31,2016-10-23,2016-12-31,369199.0,0.0,-16114.0,30476.0,369199.0,383561.0
1378875,"NO ON PROP 53 - CALIFORNIANS TO PROTECT LOCAL CONTROL, A COALITION OF PUBLIC SAFETY, LOCAL GOVERNMENT, BUSINESS AND LABOR ORGANIZATIONS, GOVERNOR BROWN AND TAXPAYERS",1995586,2015-10-28,2015-01-01,2015-09-30,48989.0,0.0,21642.0,0.0,48989.0,70632.0
1378875,"NO ON PROP 53 - CALIFORNIANS TO PROTECT LOCAL CONTROL, A COALITION OF PUBLIC SAFETY, LOCAL GOVERNMENT, BUSINESS AND LABOR ORGANIZATIONS, GOVERNOR BROWN AND TAXPAYERS",2012517,2016-02-01,2015-10-01,2015-12-31,56317.0,0.0,46924.0,0.0,56317.0,103241.0
1378875,"NO ON PROP 53 - CALIFORNIANS TO PROTECT LOCAL CONTROL, A COALITION OF PUBLIC SAFETY, LOCAL GOVERNMENT, BUSINESS AND LABOR ORGANIZATIONS, GOVERNOR BROWN AND TAXPAYERS",2038257,2016-08-01,2016-01-01,2016-03-31,135686.0,0.0,-5697.0,0.0,135686.0,129989.0
1378875,"NO ON PROP 53 - CALIFORNIANS TO PROTECT LOCAL CONTROL, A COALITION OF PUBLIC SAFETY, LOCAL GOVERNMENT, BUSINESS AND LABOR ORGANIZATIONS, GOVERNOR BROWN AND TAXPAYERS",2064706,2016-08-01,2016-04-01,2016-06-30,252571.0,0.0,68160.0,0.0,252571.0,320731.0
1378875,"NO ON PROP 53 - CALIFORNIANS TO PROTECT LOCAL CONTROL, A COALITION OF PUBLIC SAFETY, LOCAL GOVERNMENT, BUSINESS AND LABOR ORGANIZATIONS, GOVERNOR BROWN AND TAXPAYERS",2083520,2016-09-29,2016-07-01,2016-09-24,444304.0,0.0,-119183.0,17355.0,444304.0,342475.0
1378875,"NO ON PROP 53 - CALIFORNIANS TO PROTECT LOCAL CONTROL, A COALITION OF PUBLIC SAFETY, LOCAL GOVERNMENT, BUSINESS AND LABOR ORGANIZATIONS, GOVERNOR BROWN AND TAXPAYERS",2098626,2016-10-27,2016-09-25,2016-10-22,11963183.0,0.0,362465.0,108980.0,11963183.0,12434628.0
1378875,"NO ON PROP 53 - CALIFORNIANS TO PROTECT LOCAL CONTROL, A COALITION OF PUBLIC SAFETY, LOCAL GOVERNMENT, BUSINESS AND LABOR ORGANIZATIONS, GOVERNOR BROWN AND TAXPAYERS",2131189,2017-01-31,2016-10-23,2016-12-31,8186938.0,0.0,-374311.0,615364.0,8186938.0,8427991.0
1379198,"NO ON PROP 61 - CALIFORNIANS AGAINST THE DECEPTIVE RX PROPOSITION, A COALITION OF VETERANS DOCTORS PATIENT ADVOCATES SENIORS TAXPAYERS AND MEMBERS OF PHARMACEUTICAL RESEARCH AND MANUFACTURERS OF AMER.",1998299,2016-03-18,2015-01-01,2015-09-30,5749.0,0.0,106617.0,0.0,5749.0,112366.0
1379198,"NO ON PROP 61 - CALIFORNIANS AGAINST THE DECEPTIVE RX PROPOSITION, A COALITION OF VETERANS DOCTORS PATIENT ADVOCATES SENIORS TAXPAYERS AND MEMBERS OF PHARMACEUTICAL RESEARCH AND MANUFACTURERS OF AMER.",2013042,2016-03-18,2015-10-01,2015-12-31,419830.0,0.0,103169.0,158079.0,419830.0,681079.0
1379198,"NO ON PROP 61 - CALIFORNIANS AGAINST THE DECEPTIVE RX PROPOSITION, A COALITION OF VETERANS DOCTORS PATIENT ADVOCATES SENIORS TAXPAYERS AND MEMBERS OF PHARMACEUTICAL RESEARCH AND MANUFACTURERS OF AMER.",2036765,2016-08-01,2016-01-01,2016-03-31,747572.0,0.0,215037.0,64234.0,747572.0,1026842.0
1379198,"NO ON PROP 61 - CALIFORNIANS AGAINST THE DECEPTIVE RX PROPOSITION, A COALITION OF VETERANS DOCTORS PATIENT ADVOCATES SENIORS TAXPAYERS AND MEMBERS OF PHARMACEUTICAL RESEARCH AND MANUFACTURERS OF AMER.",2064695,2016-10-27,2016-04-01,2016-06-30,2189387.0,0.0,253727.0,135333.0,2189387.0,2578447.0
1379198,"NO ON PROP 61 - CALIFORNIANS AGAINST THE DECEPTIVE RX PROPOSITION, A COALITION OF VETERANS DOCTORS PATIENT ADVOCATES SENIORS TAXPAYERS AND MEMBERS OF PHARMACEUTICAL RESEARCH AND MANUFACTURERS OF AMER.",2083540,2016-09-27,2016-07-01,2016-09-24,42863710.0,0.0,2214406.0,113553.0,42863710.0,45191669.0
1379198,"NO ON PROP 61 - CALIFORNIANS AGAINST THE DECEPTIVE RX PROPOSITION, A COALITION OF VETERANS DOCTORS PATIENT ADVOCATES SENIORS TAXPAYERS AND MEMBERS OF PHARMACEUTICAL RESEARCH AND MANUFACTURERS OF AMER.",2097977,2017-01-31,2016-09-25,2016-10-22,41746634.0,0.0,14775394.0,65643.0,41746634.0,56587671.0
1379198,"NO ON PROP 61 - CALIFORNIANS AGAINST THE DECEPTIVE RX PROPOSITION, A COALITION OF VETERANS DOCTORS PATIENT ADVOCATES SENIORS TAXPAYERS AND MEMBERS OF PHARMACEUTICAL RESEARCH AND MANUFACTURERS OF AMER.",2130362,2017-04-20,2016-10-23,2016-12-31,22294946.0,0.0,-17498307.0,152087.0,22294946.0,4948725.0
1383946,"NO ON PROP 66, CALIFORNIANS FOR FAIR JUSTICE, SPONSORED BY SOCIAL JUSTICE ORGANIZATIONS",2035803,2016-04-29,2016-03-14,2016-03-31,100.0,0.0,0.0,0.0,100.0,100.0
1383946,"NO ON PROP 66, CALIFORNIANS FOR FAIR JUSTICE, SPONSORED BY SOCIAL JUSTICE ORGANIZATIONS",2055676,2016-07-15,2016-04-01,2016-06-30,103599.0,0.0,0.0,15711.0,103599.0,119310.0
1383946,"NO ON PROP 66, CALIFORNIANS FOR FAIR JUSTICE, SPONSORED BY SOCIAL JUSTICE ORGANIZATIONS",2082960,2016-09-29,2016-07-01,2016-09-24,216603.0,0.0,22023.0,56350.0,216603.0,294977.0
1383946,"NO ON PROP 66, CALIFORNIANS FOR FAIR JUSTICE, SPONSORED BY SOCIAL JUSTICE ORGANIZATIONS",2096915,2016-10-26,2016-09-25,2016-10-22,697802.0,0.0,-21714.0,25361.0,697802.0,701449.0
1383946,"NO ON PROP 66, CALIFORNIANS FOR FAIR JUSTICE, SPONSORED BY SOCIAL JUSTICE ORGANIZATIONS",2125801,2017-01-27,2016-10-23,2016-12-31,427862.0,0.0,10365.0,51877.0,427862.0,490104.0
1385139,"NO ON PROPOSITION 60, CALIFORNIANS AGAINST WORKER HARASSMENT, SPONSORED BY THE FREE SPEECH COALITION",2064305,2016-07-29,2016-01-01,2016-06-30,26792.0,0.0,1499.0,10150.0,26792.0,38441.0
1385139,"NO ON PROPOSITION 60, CALIFORNIANS AGAINST WORKER HARASSMENT, SPONSORED BY THE FREE SPEECH COALITION",2083689,2016-09-29,2016-07-01,2016-09-24,135809.0,0.0,34454.0,63506.0,135809.0,233769.0
1385139,"NO ON PROPOSITION 60, CALIFORNIANS AGAINST WORKER HARASSMENT, SPONSORED BY THE FREE SPEECH COALITION",2098228,2016-10-27,2016-09-25,2016-10-22,117878.0,0.0,10758.0,40135.0,117878.0,168770.0
1385139,"NO ON PROPOSITION 60, CALIFORNIANS AGAINST WORKER HARASSMENT, SPONSORED BY THE FREE SPEECH COALITION",2131006,2017-01-30,2016-10-23,2016-12-31,91906.0,0.0,6283.0,61979.0,91906.0,160169.0
1391327,OPEN PHILANTHROPY ACTION FUND YES ON 57 (NONPROFIT 501(C)(4)),2096593,2016-10-26,2016-01-01,2016-11-08,600000.0,0.0,0.0,0.0,600000.0,600000.0
1386909,"OVERTURN CITIZENS UNITED, YES ON 59",2082995,2016-12-14,2016-07-01,2016-09-24,1969.0,0.0,0.0,87085.0,1969.0,89055.0
1386909,"OVERTURN CITIZENS UNITED, YES ON 59",2098358,2016-12-14,2016-09-25,2016-10-22,38340.0,0.0,5149.0,26740.0,38340.0,70229.0
1386909,"OVERTURN CITIZENS UNITED, YES ON 59",2114415,2016-12-28,2016-10-23,2016-12-28,96511.0,0.0,-5149.0,19276.0,96511.0,110639.0
1372760,"PICO CALIFORNIA - YES ON 55, 56, AND 57 (NON PROFIT 501 (C) (3))",1977958,2015-07-27,2015-01-01,2015-06-30,18971.0,0.0,0.0,886.0,18971.0,19856.0
1372760,"PICO CALIFORNIA - YES ON 55, 56, AND 57 (NON PROFIT 501 (C) (3))",2083466,2016-09-29,2016-01-01,2016-09-24,2289.0,0.0,0.0,0.0,2289.0,2289.0
1372760,"PICO CALIFORNIA - YES ON 55, 56, AND 57 (NON PROFIT 501 (C) (3))",2098401,2016-10-22,2016-09-25,2016-10-22,0.0,0.0,0.0,0.0,0.0,0.0
1372760,"PICO CALIFORNIA - YES ON 55, 56, AND 57 (NON PROFIT 501 (C) (3))",2129734,2017-01-31,2016-10-23,2016-12-31,10000.0,0.0,0.0,1488.0,10000.0,11488.0
1388865,"PROTECT SMALL BUSINESS AND SMOKE FREE ALTERNATIVES, NO ON 56; SPONSORED BY SMOKE-FREE ALTERNATIVES TRADE ASSOCIATION",2082400,2016-09-28,2016-01-01,2016-09-24,249.0,0.0,2458.0,0.0,249.0,2707.0
1388865,"PROTECT SMALL BUSINESS AND SMOKE FREE ALTERNATIVES, NO ON 56; SPONSORED BY SMOKE-FREE ALTERNATIVES TRADE ASSOCIATION",2084425,2016-09-30,2016-09-25,2016-09-30,3345.0,0.0,-2458.0,0.0,3345.0,887.0
1386494,"PROTEUS ACTION LEAGUE NON-PROFIT 501 (C)(4) ORGANIZATION, OPPOSING MEASURE 66 AND SUPPORTING MEASURES 54 AND 59",2057495,2016-07-22,2016-01-01,2016-06-30,60000.0,0.0,0.0,0.0,60000.0,60000.0
1386494,"PROTEUS ACTION LEAGUE NON-PROFIT 501 (C)(4) ORGANIZATION, OPPOSING MEASURE 66 AND SUPPORTING MEASURES 54 AND 59",2083076,2016-09-29,2016-07-01,2016-09-24,4544.0,0.0,0.0,0.0,4544.0,4544.0
1386494,"PROTEUS ACTION LEAGUE NON-PROFIT 501 (C)(4) ORGANIZATION, OPPOSING MEASURE 66 AND SUPPORTING MEASURES 54 AND 59",2097793,2016-10-27,2016-09-25,2016-10-22,31179.0,0.0,0.0,0.0,31179.0,31179.0
1386494,"PROTEUS ACTION LEAGUE NON-PROFIT 501 (C)(4) ORGANIZATION, OPPOSING MEASURE 66 AND SUPPORTING MEASURES 54 AND 59",2129387,2017-01-31,2016-10-23,2016-12-31,1067.0,0.0,0.0,0.0,1067.0,1067.0
1382568,"PUBLIC AND MENTAL HEALTH ADVOCATES AGAINST 64, SPONSORED AND MAJOR FUNDING BY SAM ACTION, INC. AND CALIFORNIA PUBLIC SAFETY INSTITUTE",2040789,2016-04-30,2016-01-01,2016-03-31,52342.0,0.0,40494.0,0.0,52342.0,92836.0
1382568,"PUBLIC AND MENTAL HEALTH ADVOCATES AGAINST 64, SPONSORED AND MAJOR FUNDING BY SAM ACTION, INC. AND CALIFORNIA PUBLIC SAFETY INSTITUTE",2064127,2016-10-19,2016-04-01,2016-06-30,44733.0,0.0,34506.0,0.0,44733.0,79240.0
1382568,"PUBLIC AND MENTAL HEALTH ADVOCATES AGAINST 64, SPONSORED AND MAJOR FUNDING BY SAM ACTION, INC. AND CALIFORNIA PUBLIC SAFETY INSTITUTE",2083071,2016-10-19,2016-07-01,2016-09-24,187356.0,0.0,64789.0,4426.0,187356.0,256571.0
1382568,"PUBLIC AND MENTAL HEALTH ADVOCATES AGAINST 64, SPONSORED AND MAJOR FUNDING BY SAM ACTION, INC. AND CALIFORNIA PUBLIC SAFETY INSTITUTE",2098048,2017-01-18,2016-09-25,2016-10-22,712516.0,0.0,-30709.0,10000.0,712516.0,691807.0
1382568,"PUBLIC AND MENTAL HEALTH ADVOCATES AGAINST 64, SPONSORED AND MAJOR FUNDING BY SAM ACTION, INC. AND CALIFORNIA PUBLIC SAFETY INSTITUTE",2120691,2017-01-31,2016-10-23,2016-12-31,128368.0,0.0,-109080.0,0.0,128368.0,19288.0
1387789,"SAM ACTION, INC., A COMMITTEE AGAINST PROPOSITION 64 WITH HELP FROM CITIZENS (NONPROFIT 501 (C)(4))",2064155,2016-09-08,2016-01-01,2016-06-30,64150.0,0.0,0.0,0.0,64150.0,64150.0
1387789,"SAM ACTION, INC., A COMMITTEE AGAINST PROPOSITION 64 WITH HELP FROM CITIZENS (NONPROFIT 501 (C)(4))",2083142,2016-09-29,2016-07-01,2016-09-24,429778.0,0.0,9507.0,0.0,429778.0,439286.0
1387789,"SAM ACTION, INC., A COMMITTEE AGAINST PROPOSITION 64 WITH HELP FROM CITIZENS (NONPROFIT 501 (C)(4))",2096420,2016-10-26,2016-09-25,2016-10-22,452803.0,0.0,15493.0,0.0,452803.0,468295.0
1387789,"SAM ACTION, INC., A COMMITTEE AGAINST PROPOSITION 64 WITH HELP FROM CITIZENS (NONPROFIT 501 (C)(4))",2111052,2016-12-14,2016-10-23,2016-12-13,417269.0,0.0,-25000.0,0.0,417269.0,392269.0
1317554,"SAN FRANCISCO POLICE OFFICERS ASSOCIATION ISSUES PAC - YES ON 66, NO ON 62",2060740,2016-07-28,2016-05-22,2016-06-30,51016.0,0.0,0.0,0.0,51016.0,51016.0
1317554,"SAN FRANCISCO POLICE OFFICERS ASSOCIATION ISSUES PAC - YES ON 66, NO ON 62",2083092,2016-09-29,2016-07-01,2016-09-24,21253.0,0.0,0.0,0.0,21253.0,21253.0
1317554,"SAN FRANCISCO POLICE OFFICERS ASSOCIATION ISSUES PAC - YES ON 66, NO ON 62",2098417,2016-10-27,2016-09-25,2016-10-22,65836.0,0.0,0.0,0.0,65836.0,65836.0
1317554,"SAN FRANCISCO POLICE OFFICERS ASSOCIATION ISSUES PAC - YES ON 66, NO ON 62",2131026,2017-01-31,2016-10-23,2016-12-31,22260.0,0.0,0.0,0.0,22260.0,22260.0
1329332,"SAVE THE BAG BAN, YES ON 67, SPONSORED BY ENVIRONMENT CALIFORNIA",1965274,2015-11-02,2015-01-01,2015-03-31,380.0,0.0,36210.0,0.0,380.0,36589.0
1329332,"SAVE THE BAG BAN, YES ON 67, SPONSORED BY ENVIRONMENT CALIFORNIA",1979246,2015-07-29,2015-04-01,2015-06-30,36542.0,0.0,502756.0,0.0,36542.0,539298.0
1329332,"SAVE THE BAG BAN, YES ON 67, SPONSORED BY ENVIRONMENT CALIFORNIA",1997835,2015-11-02,2015-07-01,2015-09-30,503856.0,0.0,258000.0,0.0,503856.0,761856.0
1329332,"SAVE THE BAG BAN, YES ON 67, SPONSORED BY ENVIRONMENT CALIFORNIA",2012736,2016-02-01,2015-10-01,2015-12-31,258030.0,0.0,16632.0,0.0,258030.0,274662.0
1329332,"SAVE THE BAG BAN, YES ON 67, SPONSORED BY ENVIRONMENT CALIFORNIA",2036255,2016-04-29,2016-01-01,2016-03-31,37859.0,0.0,-4496.0,0.0,37859.0,33363.0
1329332,"SAVE THE BAG BAN, YES ON 67, SPONSORED BY ENVIRONMENT CALIFORNIA",2061823,2016-07-29,2016-04-01,2016-06-30,44071.0,0.0,-30919.0,0.0,44071.0,13151.0
1329332,"SAVE THE BAG BAN, YES ON 67, SPONSORED BY ENVIRONMENT CALIFORNIA",2082426,2017-02-15,2016-07-01,2016-09-24,74124.0,0.0,0.0,0.0,74124.0,74124.0
1329332,"SAVE THE BAG BAN, YES ON 67, SPONSORED BY ENVIRONMENT CALIFORNIA",2097541,2017-02-15,2016-09-26,2016-10-22,17896.0,0.0,0.0,0.0,17896.0,17896.0
1329332,"SAVE THE BAG BAN, YES ON 67, SPONSORED BY ENVIRONMENT CALIFORNIA",2119171,2017-01-12,2016-10-23,2016-12-31,43478.0,0.0,0.0,0.0,43478.0,43478.0
1389817,SAVE THE BAY ACTION FUND COMMITTEE TO SUPPORT PROPOSITION 67,2083027,2016-10-26,2016-01-01,2016-09-24,27584.0,0.0,5462.0,0.0,27584.0,33047.0
1389817,SAVE THE BAY ACTION FUND COMMITTEE TO SUPPORT PROPOSITION 67,2097613,2016-10-26,2016-09-25,2016-10-22,9000.0,0.0,31379.0,0.0,9000.0,40379.0
1389817,SAVE THE BAY ACTION FUND COMMITTEE TO SUPPORT PROPOSITION 67,2130495,2017-01-31,2016-10-23,2016-12-31,49845.0,0.0,-27295.0,0.0,49845.0,22549.0
1381938,SAVE THE BAY ACTION FUND PAC - YES ON PROP 67,2083033,2016-09-29,2016-07-01,2016-09-24,94799.0,0.0,-4708.0,3600.0,94799.0,93691.0
1373047,"SERVICE EMPLOYEES INTERNATIONAL UNION, UNITED HEALTHCARE WORKERS WEST (NONPROFIT 501 (C)(5))",2012591,2016-02-01,2015-01-01,2015-12-31,6191811.0,-3000000.0,0.0,0.0,3191811.0,3191811.0
1373047,"SERVICE EMPLOYEES INTERNATIONAL UNION, UNITED HEALTHCARE WORKERS WEST (NONPROFIT 501 (C)(5))",2038314,2016-05-02,2016-01-01,2016-03-31,295288.0,0.0,0.0,0.0,295288.0,295288.0
1373047,"SERVICE EMPLOYEES INTERNATIONAL UNION, UNITED HEALTHCARE WORKERS WEST (NONPROFIT 501 (C)(5))",2063971,2016-09-29,2016-04-01,2016-06-30,259019.0,3549980.0,0.0,0.0,3808999.0,3808999.0
1373047,"SERVICE EMPLOYEES INTERNATIONAL UNION, UNITED HEALTHCARE WORKERS WEST (NONPROFIT 501 (C)(5))",2083137,2016-09-29,2016-07-01,2016-09-24,0.0,0.0,0.0,0.0,0.0,0.0
1373047,"SERVICE EMPLOYEES INTERNATIONAL UNION, UNITED HEALTHCARE WORKERS WEST (NONPROFIT 501 (C)(5))",2097973,2016-10-27,2016-09-25,2016-10-22,3549980.0,-3549980.0,0.0,0.0,0.0,0.0
1373047,"SERVICE EMPLOYEES INTERNATIONAL UNION, UNITED HEALTHCARE WORKERS WEST (NONPROFIT 501 (C)(5))",2130218,2017-01-31,2016-10-23,2016-12-31,0.0,0.0,0.0,0.0,0.0,0.0
1380746,"STOP PROP 63, A GRASSROOTS, COMMON-SENSE EFFORT FOR RATIONAL POLICY SPONSORED BY FIREARMS POLICY COALITION",2009924,2016-01-18,2015-01-01,2015-12-31,27163.0,0.0,10231.0,8137.0,27163.0,45531.0
1380746,"STOP PROP 63, A GRASSROOTS, COMMON-SENSE EFFORT FOR RATIONAL POLICY SPONSORED BY FIREARMS POLICY COALITION",2033917,2016-07-28,2016-01-01,2016-03-31,17702.0,0.0,9282.0,6231.0,17702.0,33215.0
1380746,"STOP PROP 63, A GRASSROOTS, COMMON-SENSE EFFORT FOR RATIONAL POLICY SPONSORED BY FIREARMS POLICY COALITION",2063076,2016-07-28,2016-04-01,2016-06-30,52920.0,0.0,32075.0,18626.0,52920.0,103621.0
1380746,"STOP PROP 63, A GRASSROOTS, COMMON-SENSE EFFORT FOR RATIONAL POLICY SPONSORED BY FIREARMS POLICY COALITION",2082753,2016-10-25,2016-07-01,2016-09-24,74948.0,0.0,-13964.0,0.0,74948.0,60984.0
1380746,"STOP PROP 63, A GRASSROOTS, COMMON-SENSE EFFORT FOR RATIONAL POLICY SPONSORED BY FIREARMS POLICY COALITION",2097199,2016-10-26,2016-09-25,2016-10-22,50287.0,0.0,-10026.0,0.0,50287.0,40261.0
1380746,"STOP PROP 63, A GRASSROOTS, COMMON-SENSE EFFORT FOR RATIONAL POLICY SPONSORED BY FIREARMS POLICY COALITION",2113515,2016-12-15,2016-10-23,2016-12-15,70009.0,0.0,-27598.0,19578.0,70009.0,61990.0
1282321,"TORLAKSON'S INVEST IN CALIFORNIA A BALLOT MEASURE COMMITTEE TO SUPPORT PROPOSITION 51, SUPERINTENDENT TOM",1982880,2015-07-31,2015-01-01,2015-06-30,281.0,0.0,-55.0,0.0,281.0,226.0
1282321,"TORLAKSON'S INVEST IN CALIFORNIA A BALLOT MEASURE COMMITTEE TO SUPPORT PROPOSITION 51, SUPERINTENDENT TOM",2012791,2016-01-21,2015-07-01,2015-12-31,0.0,0.0,76.0,0.0,0.0,76.0
1282321,"TORLAKSON'S INVEST IN CALIFORNIA A BALLOT MEASURE COMMITTEE TO SUPPORT PROPOSITION 51, SUPERINTENDENT TOM",2064792,2016-07-27,2016-01-01,2016-06-30,12315.0,0.0,131.0,0.0,12315.0,12446.0
1282321,"TORLAKSON'S INVEST IN CALIFORNIA A BALLOT MEASURE COMMITTEE TO SUPPORT PROPOSITION 51, SUPERINTENDENT TOM",2083593,2016-09-27,2016-07-01,2016-09-24,18735.0,0.0,5622.0,0.0,18735.0,24357.0
1282321,"TORLAKSON'S INVEST IN CALIFORNIA A BALLOT MEASURE COMMITTEE TO SUPPORT PROPOSITION 51, SUPERINTENDENT TOM",2098113,2016-10-27,2016-09-25,2016-10-22,13165.0,0.0,-3266.0,0.0,13165.0,9899.0
1282321,"TORLAKSON'S INVEST IN CALIFORNIA A BALLOT MEASURE COMMITTEE TO SUPPORT PROPOSITION 51, SUPERINTENDENT TOM",2129765,2017-01-24,2016-10-23,2016-12-31,518.0,0.0,296.0,0.0,518.0,814.0
1387279,"VETO GUNMAGEDDON, CITIZENS WHO ARE OPPOSED TO PROPOSITION 63, ASSEMBLY BILLS 1135, 1511, 1695, 857 AND SENATE BILLS 880, 1235 AND 1446",2108236,2016-11-23,2016-07-01,2016-11-22,91227.0,0.0,0.0,800.0,91227.0,92027.0
1390529,VOLUNTEERS FOR YES ON 62,2083389,2016-10-27,2016-01-01,2016-09-24,0.0,0.0,0.0,0.0,0.0,0.0
1390529,VOLUNTEERS FOR YES ON 62,2098515,2016-10-27,2016-09-25,2016-10-22,0.0,0.0,5125.0,0.0,0.0,5125.0
1390529,VOLUNTEERS FOR YES ON 62,2129306,2017-01-31,2016-10-23,2016-12-31,135465.0,0.0,860.0,11131.0,135465.0,147456.0
1376040,YES ON 53 - STOP BLANK CHECKS,1966077,2015-04-30,2015-01-01,2015-03-31,403807.0,0.0,135895.0,0.0,403807.0,539702.0
1376040,YES ON 53 - STOP BLANK CHECKS,1982936,2015-09-08,2015-04-01,2015-06-30,1317652.0,0.0,-91427.0,0.0,1317652.0,1226225.0
1376040,YES ON 53 - STOP BLANK CHECKS,1998175,2015-10-27,2015-07-01,2015-09-30,1573829.0,0.0,24675.0,0.0,1573829.0,1598504.0
1376040,YES ON 53 - STOP BLANK CHECKS,2012885,2016-01-25,2015-10-01,2015-12-31,199312.0,0.0,-36411.0,0.0,199312.0,162901.0
1376040,YES ON 53 - STOP BLANK CHECKS,2038246,2016-05-02,2016-01-01,2016-03-31,266535.0,0.0,57049.0,0.0,266535.0,323584.0
1376040,YES ON 53 - STOP BLANK CHECKS,2064863,2016-07-18,2016-04-01,2016-06-30,314868.0,0.0,-18421.0,32837.0,314868.0,329284.0
1376040,YES ON 53 - STOP BLANK CHECKS,2083537,2016-09-28,2016-07-01,2016-09-24,269370.0,0.0,-66170.0,38232.0,269370.0,241431.0
1376040,YES ON 53 - STOP BLANK CHECKS,2098608,2016-10-27,2016-09-25,2016-10-22,82878.0,0.0,-3573.0,244059.0,82878.0,323364.0
1376040,YES ON 53 - STOP BLANK CHECKS,2131679,2017-01-31,2016-10-23,2016-12-31,71820.0,0.0,-585.0,219203.0,71820.0,290438.0
1376040,YES ON 53 - STOP BLANK CHECKS,2131680,2017-01-31,2016-10-23,2016-12-31,71820.0,0.0,-585.0,219203.0,71820.0,290438.0
1376040,YES ON 53 - STOP BLANK CHECKS,2131681,2017-01-31,2016-10-23,2016-12-31,71820.0,0.0,-585.0,219203.0,71820.0,290438.0
1381029,"YES ON 54 - VOTERS FIRST, NOT SPECIAL INTERESTS - SPONSORED BY HOLD POLITICIANS ACCOUNTABLE",2012870,2016-01-27,2015-01-01,2015-12-31,351676.0,0.0,35034.0,1006040.0,351676.0,1392750.0
1381029,"YES ON 54 - VOTERS FIRST, NOT SPECIAL INTERESTS - SPONSORED BY HOLD POLITICIANS ACCOUNTABLE",2038240,2016-04-22,2016-01-01,2016-03-31,2632426.0,0.0,-8279.0,5604585.0,2632426.0,8228732.0
1381029,"YES ON 54 - VOTERS FIRST, NOT SPECIAL INTERESTS - SPONSORED BY HOLD POLITICIANS ACCOUNTABLE",2064857,2016-07-27,2016-04-01,2016-06-30,3765296.0,0.0,148217.0,431760.0,3765296.0,4345273.0
1381029,"YES ON 54 - VOTERS FIRST, NOT SPECIAL INTERESTS - SPONSORED BY HOLD POLITICIANS ACCOUNTABLE",2083545,2016-11-07,2016-07-01,2016-09-24,1094732.0,0.0,-136990.0,1986334.0,1094732.0,2944076.0
1381029,"YES ON 54 - VOTERS FIRST, NOT SPECIAL INTERESTS - SPONSORED BY HOLD POLITICIANS ACCOUNTABLE",2098623,2016-11-07,2016-09-25,2016-10-22,2707774.0,0.0,69727.0,1660546.0,2707774.0,4438047.0
1381029,"YES ON 54 - VOTERS FIRST, NOT SPECIAL INTERESTS - SPONSORED BY HOLD POLITICIANS ACCOUNTABLE",2131695,2017-01-31,2016-10-23,2016-12-31,155070.0,0.0,-89668.0,16375.0,155070.0,81777.0
1381382,"YES ON 55 - CALIFORNIANS FOR BUDGET STABILITY, SPONSORED BY TEACHERS, HEALTH CARE PROVIDERS, DOCTORS AND LABOR ORGANIZATIONS",2012214,2016-08-01,2015-01-01,2015-12-31,285000.0,0.0,14900.0,0.0,285000.0,299900.0
1381382,"YES ON 55 - CALIFORNIANS FOR BUDGET STABILITY, SPONSORED BY TEACHERS, HEALTH CARE PROVIDERS, DOCTORS AND LABOR ORGANIZATIONS",2038482,2016-08-01,2016-01-01,2016-03-31,1939501.0,0.0,22600.0,7232.0,1939501.0,1969333.0
1381382,"YES ON 55 - CALIFORNIANS FOR BUDGET STABILITY, SPONSORED BY TEACHERS, HEALTH CARE PROVIDERS, DOCTORS AND LABOR ORGANIZATIONS",2064703,2017-03-17,2016-04-01,2016-06-30,2835976.0,0.0,550820.0,255503.0,2835976.0,3642298.0
1381382,"YES ON 55 - CALIFORNIANS FOR BUDGET STABILITY, SPONSORED BY TEACHERS, HEALTH CARE PROVIDERS, DOCTORS AND LABOR ORGANIZATIONS",2083690,2017-03-17,2016-07-01,2016-09-24,33154090.0,0.0,-495373.0,370616.0,33154090.0,33029333.0
1381382,"YES ON 55 - CALIFORNIANS FOR BUDGET STABILITY, SPONSORED BY TEACHERS, HEALTH CARE PROVIDERS, DOCTORS AND LABOR ORGANIZATIONS",2098529,2017-03-17,2016-09-25,2016-10-22,12247128.0,0.0,28285.0,1021735.0,12247128.0,13297148.0
1381382,"YES ON 55 - CALIFORNIANS FOR BUDGET STABILITY, SPONSORED BY TEACHERS, HEALTH CARE PROVIDERS, DOCTORS AND LABOR ORGANIZATIONS",2130907,2017-03-17,2016-10-23,2016-12-31,2932574.0,0.0,-120816.0,739210.0,2932574.0,3550969.0
1377991,"YES ON 56 - SAVES LIVES CALIFORNIA, A COALITION OF DOCTORS, DENTISTS, HEALTH PLANS, LABOR, HOSPITALS, LAW ENFORCEMENT, AND NON-PROFIT HEALTH ADVOCATE ORGANIZATIONS",1981580,2015-07-31,2015-01-01,2015-06-30,0.0,0.0,0.0,0.0,0.0,0.0
1377991,"YES ON 56 - SAVES LIVES CALIFORNIA, A COALITION OF DOCTORS, DENTISTS, HEALTH PLANS, LABOR, HOSPITALS, LAW ENFORCEMENT, AND NON-PROFIT HEALTH ADVOCATE ORGANIZATIONS",1997845,2016-03-02,2015-07-01,2015-09-30,46611.0,0.0,132.0,4500.0,46611.0,51244.0
1377991,"YES ON 56 - SAVES LIVES CALIFORNIA, A COALITION OF DOCTORS, DENTISTS, HEALTH PLANS, LABOR, HOSPITALS, LAW ENFORCEMENT, AND NON-PROFIT HEALTH ADVOCATE ORGANIZATIONS",2012480,2016-02-01,2015-10-01,2015-12-31,170704.0,0.0,115868.0,23959.0,170704.0,310531.0
1377991,"YES ON 56 - SAVES LIVES CALIFORNIA, A COALITION OF DOCTORS, DENTISTS, HEALTH PLANS, LABOR, HOSPITALS, LAW ENFORCEMENT, AND NON-PROFIT HEALTH ADVOCATE ORGANIZATIONS",2038492,2016-09-08,2016-01-01,2016-03-31,1703189.0,0.0,798914.0,157126.0,1703189.0,2659228.0
1377991,"YES ON 56 - SAVES LIVES CALIFORNIA, A COALITION OF DOCTORS, DENTISTS, HEALTH PLANS, LABOR, HOSPITALS, LAW ENFORCEMENT, AND NON-PROFIT HEALTH ADVOCATE ORGANIZATIONS",2064794,2016-09-29,2016-04-01,2016-06-30,4244042.0,0.0,-748446.0,422571.0,4244042.0,3918167.0
1377991,"YES ON 56 - SAVES LIVES CALIFORNIA, A COALITION OF DOCTORS, DENTISTS, HEALTH PLANS, LABOR, HOSPITALS, LAW ENFORCEMENT, AND NON-PROFIT HEALTH ADVOCATE ORGANIZATIONS",2083723,2016-10-21,2016-07-01,2016-09-24,5528333.0,0.0,58804.0,235688.0,5528333.0,5822824.0
1377991,"YES ON 56 - SAVES LIVES CALIFORNIA, A COALITION OF DOCTORS, DENTISTS, HEALTH PLANS, LABOR, HOSPITALS, LAW ENFORCEMENT, AND NON-PROFIT HEALTH ADVOCATE ORGANIZATIONS",2098627,2017-01-31,2016-09-25,2016-10-22,13489644.0,0.0,15389.0,271711.0,13489644.0,13776744.0
1377991,"YES ON 56 - SAVES LIVES CALIFORNIA, A COALITION OF DOCTORS, DENTISTS, HEALTH PLANS, LABOR, HOSPITALS, LAW ENFORCEMENT, AND NON-PROFIT HEALTH ADVOCATE ORGANIZATIONS",2130961,2017-01-31,2016-10-23,2016-12-31,4305645.0,0.0,543217.0,222308.0,4305645.0,5071170.0
1388518,YES ON 56 STOP CANCER - PLANNED PARENTHOOD ADVOCATES MAR MONTE (NON PROFIT 501 (C)(4)),2083497,2016-09-29,2016-01-01,2016-09-24,250000.0,0.0,0.0,0.0,250000.0,250000.0
1388518,YES ON 56 STOP CANCER - PLANNED PARENTHOOD ADVOCATES MAR MONTE (NON PROFIT 501 (C)(4)),2098369,2016-10-27,2016-09-25,2016-10-22,0.0,0.0,0.0,0.0,0.0,0.0
1388518,YES ON 56 STOP CANCER - PLANNED PARENTHOOD ADVOCATES MAR MONTE (NON PROFIT 501 (C)(4)),2127093,2017-01-30,2016-10-23,2016-12-31,0.0,0.0,0.0,0.0,0.0,0.0
1389668,YES ON 56 STOP CANCER - PLANNED PARENTHOOD OF ORANGE AND SAN BERNARDINO COUNTIES' COMMUNITY ACTION FUND (NON PROFIT 501(C)(4)),2083218,2016-09-29,2016-07-01,2016-09-24,200000.0,0.0,0.0,0.0,200000.0,200000.0
1389668,YES ON 56 STOP CANCER - PLANNED PARENTHOOD OF ORANGE AND SAN BERNARDINO COUNTIES' COMMUNITY ACTION FUND (NON PROFIT 501(C)(4)),2098432,2016-10-27,2016-09-25,2016-10-22,0.0,0.0,0.0,0.0,0.0,0.0
1389668,YES ON 56 STOP CANCER - PLANNED PARENTHOOD OF ORANGE AND SAN BERNARDINO COUNTIES' COMMUNITY ACTION FUND (NON PROFIT 501(C)(4)),2131080,2017-01-30,2016-10-23,2016-12-31,0.0,0.0,0.0,2081.0,0.0,2081.0
1386477,"YES ON 58, CALIFORNIANS FOR ENGLISH PROFICIENCY SPONSORED BY TEACHERS AND SERVICE EMPLOYEES ORGANIZATIONS",2064572,2016-08-01,2016-01-01,2016-06-30,0.0,0.0,139191.0,0.0,0.0,139191.0
1386477,"YES ON 58, CALIFORNIANS FOR ENGLISH PROFICIENCY SPONSORED BY TEACHERS AND SERVICE EMPLOYEES ORGANIZATIONS",2083445,2016-10-18,2016-07-01,2016-09-24,483381.0,0.0,-93659.0,51109.0,483381.0,440831.0
1386477,"YES ON 58, CALIFORNIANS FOR ENGLISH PROFICIENCY SPONSORED BY TEACHERS AND SERVICE EMPLOYEES ORGANIZATIONS",2098326,2017-01-31,2016-09-25,2016-10-22,1420964.0,0.0,-27888.0,356293.0,1420964.0,1749369.0
1386477,"YES ON 58, CALIFORNIANS FOR ENGLISH PROFICIENCY SPONSORED BY TEACHERS AND SERVICE EMPLOYEES ORGANIZATIONS",2129436,2017-01-31,2016-10-23,2016-12-31,60310.0,0.0,-17644.0,157708.0,60310.0,200373.0
1381423,"YES ON 59, CALIFORNIA CLEAN MONEY ACTION FUND TO OVERTURN CITIZENS UNITED (NON PROFIT 501(C)4)",2013083,2016-05-02,2015-01-01,2015-12-31,1191.0,0.0,15087.0,0.0,1191.0,16278.0
1381423,"YES ON 59, CALIFORNIA CLEAN MONEY ACTION FUND TO OVERTURN CITIZENS UNITED (NON PROFIT 501(C)4)",2035088,2016-07-27,2016-01-01,2016-03-31,39137.0,0.0,-4646.0,0.0,39137.0,34491.0
1381423,"YES ON 59, CALIFORNIA CLEAN MONEY ACTION FUND TO OVERTURN CITIZENS UNITED (NON PROFIT 501(C)4)",2064625,2016-07-25,2016-04-01,2016-06-30,12167.0,0.0,-9077.0,0.0,12167.0,3090.0
1381423,"YES ON 59, CALIFORNIA CLEAN MONEY ACTION FUND TO OVERTURN CITIZENS UNITED (NON PROFIT 501(C)4)",2083612,2017-01-16,2016-07-01,2016-09-24,1471.0,0.0,991.0,0.0,1471.0,2462.0
1381423,"YES ON 59, CALIFORNIA CLEAN MONEY ACTION FUND TO OVERTURN CITIZENS UNITED (NON PROFIT 501(C)4)",2098568,2017-01-25,2016-09-25,2016-10-22,6023.0,0.0,3414.0,0.0,6023.0,9437.0
1381423,"YES ON 59, CALIFORNIA CLEAN MONEY ACTION FUND TO OVERTURN CITIZENS UNITED (NON PROFIT 501(C)4)",2130866,2017-01-26,2016-10-23,2016-12-31,11793.0,0.0,-5768.0,0.0,11793.0,6025.0
1380590,"YES ON 62, NO ON 66. REPLACE THE COSTLY, FAILED DEATH PENALTY SYSTEM. SPONSORED BY TAXPAYERS FOR SENTENCING REFORM",2012950,2016-08-01,2015-01-01,2015-12-31,312200.0,0.0,85777.0,0.0,312200.0,397977.0
1380590,"YES ON 62, NO ON 66. REPLACE THE COSTLY, FAILED DEATH PENALTY SYSTEM. SPONSORED BY TAXPAYERS FOR SENTENCING REFORM",2038035,2016-08-01,2016-01-01,2016-03-31,2039515.0,0.0,-13670.0,15199.0,2039515.0,2041043.0
1380590,"YES ON 62, NO ON 66. REPLACE THE COSTLY, FAILED DEATH PENALTY SYSTEM. SPONSORED BY TAXPAYERS FOR SENTENCING REFORM",2064020,2016-08-01,2016-04-01,2016-06-30,1412410.0,0.0,-47127.0,0.0,1412410.0,1365283.0
1380590,"YES ON 62, NO ON 66. REPLACE THE COSTLY, FAILED DEATH PENALTY SYSTEM. SPONSORED BY TAXPAYERS FOR SENTENCING REFORM",2083707,2016-10-27,2016-07-01,2016-09-24,1016050.0,0.0,-23464.0,29161.0,1016050.0,1021747.0
1380590,"YES ON 62, NO ON 66. REPLACE THE COSTLY, FAILED DEATH PENALTY SYSTEM. SPONSORED BY TAXPAYERS FOR SENTENCING REFORM",2098423,2016-10-27,2016-09-25,2016-10-22,2013921.0,0.0,50328.0,23032.0,2013921.0,2087280.0
1380590,"YES ON 62, NO ON 66. REPLACE THE COSTLY, FAILED DEATH PENALTY SYSTEM. SPONSORED BY TAXPAYERS FOR SENTENCING REFORM",2130864,2017-01-31,2016-10-23,2016-12-31,952324.0,0.0,-812.0,45183.0,952324.0,996695.0
1381808,"YES ON 64, CALIFORNIANS TO CONTROL, REGULATE AND TAX ADULT USE OF MARIJUANA WHILE PROTECTING CHILDREN, SPONSORED BY BUSINESS, PHYSICIANS, ENVIRONMENTAL AND SOCIAL-JUSTICE ADVOCATE ORGANIZATIONS",2038581,2016-08-25,2016-01-01,2016-03-31,1804287.0,0.0,6500.0,10187.0,1804287.0,1820974.0
1381808,"YES ON 64, CALIFORNIANS TO CONTROL, REGULATE AND TAX ADULT USE OF MARIJUANA WHILE PROTECTING CHILDREN, SPONSORED BY BUSINESS, PHYSICIANS, ENVIRONMENTAL AND SOCIAL-JUSTICE ADVOCATE ORGANIZATIONS",2064423,2016-08-25,2016-04-01,2016-06-30,1430133.0,0.0,76968.0,36583.0,1430133.0,1543683.0
1381808,"YES ON 64, CALIFORNIANS TO CONTROL, REGULATE AND TAX ADULT USE OF MARIJUANA WHILE PROTECTING CHILDREN, SPONSORED BY BUSINESS, PHYSICIANS, ENVIRONMENTAL AND SOCIAL-JUSTICE ADVOCATE ORGANIZATIONS",2083528,2016-10-27,2016-07-01,2016-09-24,7850057.0,0.0,59228.0,48299.0,7850057.0,7957583.0
1381808,"YES ON 64, CALIFORNIANS TO CONTROL, REGULATE AND TAX ADULT USE OF MARIJUANA WHILE PROTECTING CHILDREN, SPONSORED BY BUSINESS, PHYSICIANS, ENVIRONMENTAL AND SOCIAL-JUSTICE ADVOCATE ORGANIZATIONS",2098281,2016-10-27,2016-09-25,2016-10-22,2753594.0,0.0,239821.0,34755.0,2753594.0,3028170.0
1381808,"YES ON 64, CALIFORNIANS TO CONTROL, REGULATE AND TAX ADULT USE OF MARIJUANA WHILE PROTECTING CHILDREN, SPONSORED BY BUSINESS, PHYSICIANS, ENVIRONMENTAL AND SOCIAL-JUSTICE ADVOCATE ORGANIZATIONS",2130956,2017-01-31,2016-10-23,2016-12-31,1899778.0,0.0,-382517.0,19694.0,1899778.0,1536955.0
1381808,"YES ON 64, CALIFORNIANS TO CONTROL, REGULATE AND TAX ADULT USE OF MARIJUANA WHILE PROTECTING CHILDREN, SPONSORED BY BUSINESS, PHYSICIANS, ENVIRONMENTAL AND SOCIAL-JUSTICE ADVOCATE ORGANIZATIONS",2152376,2017-04-21,2017-01-01,2017-04-10,59522.0,0.0,0.0,0.0,59522.0,59522.0
1374885,YES ON 67 - CALIFORNIANS AGAINST WASTE - PROTECT THE PLASTIC BAN (NON-PROFIT 501 (C) (4)),1965697,2015-04-30,2015-01-01,2015-03-31,0.0,0.0,0.0,877.0,0.0,877.0
1374885,YES ON 67 - CALIFORNIANS AGAINST WASTE - PROTECT THE PLASTIC BAN (NON-PROFIT 501 (C) (4)),1982009,2015-07-31,2015-04-01,2015-06-30,0.0,0.0,0.0,793.0,0.0,793.0
1374885,YES ON 67 - CALIFORNIANS AGAINST WASTE - PROTECT THE PLASTIC BAN (NON-PROFIT 501 (C) (4)),1997831,2015-11-02,2015-07-01,2015-09-30,0.0,0.0,0.0,407.0,0.0,407.0
1374885,YES ON 67 - CALIFORNIANS AGAINST WASTE - PROTECT THE PLASTIC BAN (NON-PROFIT 501 (C) (4)),2012072,2016-02-01,2015-10-01,2015-12-31,0.0,0.0,0.0,240.0,0.0,240.0
1374885,YES ON 67 - CALIFORNIANS AGAINST WASTE - PROTECT THE PLASTIC BAN (NON-PROFIT 501 (C) (4)),2038221,2016-05-02,2016-01-01,2016-03-31,3995.0,0.0,0.0,558.0,3995.0,4552.0
1374885,YES ON 67 - CALIFORNIANS AGAINST WASTE - PROTECT THE PLASTIC BAN (NON-PROFIT 501 (C) (4)),2064930,2016-09-29,2016-04-01,2016-06-30,35593.0,0.0,0.0,609.0,35593.0,36202.0
1374885,YES ON 67 - CALIFORNIANS AGAINST WASTE - PROTECT THE PLASTIC BAN (NON-PROFIT 501 (C) (4)),2083470,2016-09-29,2016-07-01,2016-09-24,0.0,0.0,0.0,1897.0,0.0,1897.0
1374885,YES ON 67 - CALIFORNIANS AGAINST WASTE - PROTECT THE PLASTIC BAN (NON-PROFIT 501 (C) (4)),2098376,2016-10-27,2016-09-25,2016-10-22,8321.0,0.0,0.0,1902.0,8321.0,10223.0
1374885,YES ON 67 - CALIFORNIANS AGAINST WASTE - PROTECT THE PLASTIC BAN (NON-PROFIT 501 (C) (4)),2127034,2017-01-30,2016-10-23,2016-12-31,1254.0,0.0,0.0,9676.0,1254.0,10930.0
1372900,"YES ON 67 - PROTECT THE PLASTIC BAG BAN, SPONSORED BY ENVIRONMENTAL AND OCEAN PROTECTION ORGANIZATIONS, BUSINESSES INCLUDING GROCERS AND REUSABLE BAG MAKERS, AND OTHER NONPROFIT ORGANIZATIONS",1962528,2015-04-27,2015-01-01,2015-03-31,103748.0,0.0,-89957.0,0.0,103748.0,13790.0
1372900,"YES ON 67 - PROTECT THE PLASTIC BAG BAN, SPONSORED BY ENVIRONMENTAL AND OCEAN PROTECTION ORGANIZATIONS, BUSINESSES INCLUDING GROCERS AND REUSABLE BAG MAKERS, AND OTHER NONPROFIT ORGANIZATIONS",1982014,2015-07-31,2015-04-01,2015-06-30,13595.0,0.0,0.0,0.0,13595.0,13595.0
1372900,"YES ON 67 - PROTECT THE PLASTIC BAG BAN, SPONSORED BY ENVIRONMENTAL AND OCEAN PROTECTION ORGANIZATIONS, BUSINESSES INCLUDING GROCERS AND REUSABLE BAG MAKERS, AND OTHER NONPROFIT ORGANIZATIONS",1997827,2015-11-02,2015-07-01,2015-09-30,3810.0,0.0,0.0,0.0,3810.0,3810.0
1372900,"YES ON 67 - PROTECT THE PLASTIC BAG BAN, SPONSORED BY ENVIRONMENTAL AND OCEAN PROTECTION ORGANIZATIONS, BUSINESSES INCLUDING GROCERS AND REUSABLE BAG MAKERS, AND OTHER NONPROFIT ORGANIZATIONS",2012800,2016-02-01,2015-10-01,2015-12-31,1179.0,0.0,4172.0,0.0,1179.0,5351.0
1372900,"YES ON 67 - PROTECT THE PLASTIC BAG BAN, SPONSORED BY ENVIRONMENTAL AND OCEAN PROTECTION ORGANIZATIONS, BUSINESSES INCLUDING GROCERS AND REUSABLE BAG MAKERS, AND OTHER NONPROFIT ORGANIZATIONS",2038229,2016-05-02,2016-01-01,2016-03-31,36532.0,0.0,16404.0,3995.0,36532.0,56930.0
1372900,"YES ON 67 - PROTECT THE PLASTIC BAG BAN, SPONSORED BY ENVIRONMENTAL AND OCEAN PROTECTION ORGANIZATIONS, BUSINESSES INCLUDING GROCERS AND REUSABLE BAG MAKERS, AND OTHER NONPROFIT ORGANIZATIONS",2064931,2016-08-25,2016-04-01,2016-06-30,38805.0,0.0,16168.0,40266.0,38805.0,95239.0
1372900,"YES ON 67 - PROTECT THE PLASTIC BAG BAN, SPONSORED BY ENVIRONMENTAL AND OCEAN PROTECTION ORGANIZATIONS, BUSINESSES INCLUDING GROCERS AND REUSABLE BAG MAKERS, AND OTHER NONPROFIT ORGANIZATIONS",2083454,2017-01-31,2016-07-01,2016-09-24,198983.0,0.0,67255.0,38179.0,198983.0,304416.0
1372900,"YES ON 67 - PROTECT THE PLASTIC BAG BAN, SPONSORED BY ENVIRONMENTAL AND OCEAN PROTECTION ORGANIZATIONS, BUSINESSES INCLUDING GROCERS AND REUSABLE BAG MAKERS, AND OTHER NONPROFIT ORGANIZATIONS",2098468,2017-04-03,2016-09-25,2016-10-22,169845.0,0.0,69411.0,27560.0,169845.0,266817.0
1372900,"YES ON 67 - PROTECT THE PLASTIC BAG BAN, SPONSORED BY ENVIRONMENTAL AND OCEAN PROTECTION ORGANIZATIONS, BUSINESSES INCLUDING GROCERS AND REUSABLE BAG MAKERS, AND OTHER NONPROFIT ORGANIZATIONS",2129546,2017-01-31,2016-10-23,2016-12-31,270980.0,0.0,-170988.0,9315.0,270980.0,109307.0
1356566,"YES ON PROP 60, FOR ADULT INDUSTRY RESPONSIBILITY (FAIR) COMMITTEE, WITH MAJOR FUNDING BY AIDS HEALTHCARE FOUNDATION",1966267,2015-04-30,2015-01-01,2015-03-31,100045.0,0.0,90719.0,0.0,100045.0,190764.0
1356566,"YES ON PROP 60, FOR ADULT INDUSTRY RESPONSIBILITY (FAIR) COMMITTEE, WITH MAJOR FUNDING BY AIDS HEALTHCARE FOUNDATION",1983205,2015-07-30,2015-04-01,2015-06-30,748361.0,0.0,-66076.0,0.0,748361.0,682285.0
1356566,"YES ON PROP 60, FOR ADULT INDUSTRY RESPONSIBILITY (FAIR) COMMITTEE, WITH MAJOR FUNDING BY AIDS HEALTHCARE FOUNDATION",1998254,2016-02-04,2015-07-01,2015-09-30,623788.0,0.0,-21333.0,9204.0,623788.0,611660.0
1356566,"YES ON PROP 60, FOR ADULT INDUSTRY RESPONSIBILITY (FAIR) COMMITTEE, WITH MAJOR FUNDING BY AIDS HEALTHCARE FOUNDATION",2013258,2016-05-02,2015-10-01,2015-12-31,3963.0,0.0,-1857.0,1495.0,3963.0,3601.0
1356566,"YES ON PROP 60, FOR ADULT INDUSTRY RESPONSIBILITY (FAIR) COMMITTEE, WITH MAJOR FUNDING BY AIDS HEALTHCARE FOUNDATION",2038741,2016-05-02,2016-01-01,2016-03-31,1454.0,0.0,43320.0,0.0,1454.0,44774.0
1356566,"YES ON PROP 60, FOR ADULT INDUSTRY RESPONSIBILITY (FAIR) COMMITTEE, WITH MAJOR FUNDING BY AIDS HEALTHCARE FOUNDATION",2064960,2016-07-27,2016-04-01,2016-06-30,93835.0,0.0,-974.0,0.0,93835.0,92861.0
1356566,"YES ON PROP 60, FOR ADULT INDUSTRY RESPONSIBILITY (FAIR) COMMITTEE, WITH MAJOR FUNDING BY AIDS HEALTHCARE FOUNDATION",2083744,2016-09-29,2016-07-01,2016-09-24,1002872.0,0.0,-10134.0,0.0,1002872.0,992739.0
1356566,"YES ON PROP 60, FOR ADULT INDUSTRY RESPONSIBILITY (FAIR) COMMITTEE, WITH MAJOR FUNDING BY AIDS HEALTHCARE FOUNDATION",2098650,2017-03-28,2016-09-25,2016-10-22,1954470.0,0.0,74036.0,0.0,1954470.0,2028506.0
1356566,"YES ON PROP 60, FOR ADULT INDUSTRY RESPONSIBILITY (FAIR) COMMITTEE, WITH MAJOR FUNDING BY AIDS HEALTHCARE FOUNDATION",2131772,2017-03-28,2016-10-23,2016-12-31,128845.0,0.0,-104371.0,0.0,128845.0,24475.0
1376791,"YES ON PROP 61, CALIFORNIANS FOR LOWER DRUG PRICES, WITH MAJOR FUNDING BY AIDS HEALTHCARE FOUNDATION AND CALIFORNIA NURSES ASSOCIATION PAC",1983202,2015-07-30,2015-01-01,2015-06-30,411770.0,0.0,3022.0,0.0,411770.0,414792.0
1376791,"YES ON PROP 61, CALIFORNIANS FOR LOWER DRUG PRICES, WITH MAJOR FUNDING BY AIDS HEALTHCARE FOUNDATION AND CALIFORNIA NURSES ASSOCIATION PAC",1998255,2016-02-01,2015-07-01,2015-09-30,768997.0,0.0,804.0,2075.0,768997.0,771876.0
1376791,"YES ON PROP 61, CALIFORNIANS FOR LOWER DRUG PRICES, WITH MAJOR FUNDING BY AIDS HEALTHCARE FOUNDATION AND CALIFORNIA NURSES ASSOCIATION PAC",2013255,2016-03-09,2015-10-01,2015-12-31,187624.0,0.0,2854.0,0.0,187624.0,190478.0
1376791,"YES ON PROP 61, CALIFORNIANS FOR LOWER DRUG PRICES, WITH MAJOR FUNDING BY AIDS HEALTHCARE FOUNDATION AND CALIFORNIA NURSES ASSOCIATION PAC",2038742,2016-05-02,2016-01-01,2016-03-31,153656.0,0.0,15625.0,0.0,153656.0,169281.0
1376791,"YES ON PROP 61, CALIFORNIANS FOR LOWER DRUG PRICES, WITH MAJOR FUNDING BY AIDS HEALTHCARE FOUNDATION AND CALIFORNIA NURSES ASSOCIATION PAC",2054483,2016-09-29,2016-04-01,2016-06-30,724456.0,0.0,97020.0,28641.0,724456.0,850117.0
1376791,"YES ON PROP 61, CALIFORNIANS FOR LOWER DRUG PRICES, WITH MAJOR FUNDING BY AIDS HEALTHCARE FOUNDATION AND CALIFORNIA NURSES ASSOCIATION PAC",2083732,2017-03-28,2016-07-01,2016-09-24,6829866.0,0.0,-1784.0,5835.0,6829866.0,6833917.0
1376791,"YES ON PROP 61, CALIFORNIANS FOR LOWER DRUG PRICES, WITH MAJOR FUNDING BY AIDS HEALTHCARE FOUNDATION AND CALIFORNIA NURSES ASSOCIATION PAC",2098714,2017-03-28,2016-09-25,2016-10-22,5095874.0,0.0,33069.0,15109.0,5095874.0,5144053.0
1376791,"YES ON PROP 61, CALIFORNIANS FOR LOWER DRUG PRICES, WITH MAJOR FUNDING BY AIDS HEALTHCARE FOUNDATION AND CALIFORNIA NURSES ASSOCIATION PAC",2131771,2017-04-12,2016-10-23,2016-12-31,4454190.0,0.0,878034.0,272958.0,4454190.0,5605182.0
1382912,"YES ON PROP. 57, CALIFORNIANS AND GOVERNOR BROWN FOR PUBLIC SAFETY AND REHABILITATION",2038640,2016-06-04,2016-01-01,2016-03-31,752480.0,0.0,1370146.0,0.0,752480.0,2122626.0
1382912,"YES ON PROP. 57, CALIFORNIANS AND GOVERNOR BROWN FOR PUBLIC SAFETY AND REHABILITATION",2064104,2016-09-26,2016-04-01,2016-06-30,4764826.0,0.0,-1103646.0,1732556.0,4764826.0,5393736.0
1382912,"YES ON PROP. 57, CALIFORNIANS AND GOVERNOR BROWN FOR PUBLIC SAFETY AND REHABILITATION",2083533,2016-10-23,2016-07-01,2016-09-24,743763.0,0.0,-225404.0,708987.0,743763.0,1227346.0
1382912,"YES ON PROP. 57, CALIFORNIANS AND GOVERNOR BROWN FOR PUBLIC SAFETY AND REHABILITATION",2098576,2017-01-27,2016-09-25,2016-10-22,1016058.0,0.0,481782.0,147355.0,1016058.0,1645194.0
1382912,"YES ON PROP. 57, CALIFORNIANS AND GOVERNOR BROWN FOR PUBLIC SAFETY AND REHABILITATION",2130930,2017-03-10,2016-10-23,2016-12-31,1702911.0,0.0,-444089.0,36665.0,1702911.0,1295487.0
1374469,"YES ON PROPOSITION 51 - CALIFORNIANS FOR QUALITY SCHOOLS, SPONSORED AND FUNDED BY COALITION FOR ADEQUATE SCHOOL HOUSING ISSUES COMMITTEE AND CALIFORNIA BUILDING INDUSTRY ASSOCIATION ISSUES COMMITTEE",1965180,2015-04-30,2015-01-01,2015-03-31,380458.0,0.0,6093.0,0.0,380458.0,386551.0
1374469,"YES ON PROPOSITION 51 - CALIFORNIANS FOR QUALITY SCHOOLS, SPONSORED AND FUNDED BY COALITION FOR ADEQUATE SCHOOL HOUSING ISSUES COMMITTEE AND CALIFORNIA BUILDING INDUSTRY ASSOCIATION ISSUES COMMITTEE",1982668,2015-11-02,2015-04-01,2015-06-30,1032408.0,0.0,-4435.0,0.0,1032408.0,1027974.0
1374469,"YES ON PROPOSITION 51 - CALIFORNIANS FOR QUALITY SCHOOLS, SPONSORED AND FUNDED BY COALITION FOR ADEQUATE SCHOOL HOUSING ISSUES COMMITTEE AND CALIFORNIA BUILDING INDUSTRY ASSOCIATION ISSUES COMMITTEE",1997864,2015-11-02,2015-07-01,2015-09-30,50862.0,0.0,1101.0,0.0,50862.0,51963.0
1374469,"YES ON PROPOSITION 51 - CALIFORNIANS FOR QUALITY SCHOOLS, SPONSORED AND FUNDED BY COALITION FOR ADEQUATE SCHOOL HOUSING ISSUES COMMITTEE AND CALIFORNIA BUILDING INDUSTRY ASSOCIATION ISSUES COMMITTEE",2012265,2016-02-01,2015-10-01,2015-12-31,53908.0,0.0,5709.0,0.0,53908.0,59617.0
1374469,"YES ON PROPOSITION 51 - CALIFORNIANS FOR QUALITY SCHOOLS, SPONSORED AND FUNDED BY COALITION FOR ADEQUATE SCHOOL HOUSING ISSUES COMMITTEE AND CALIFORNIA BUILDING INDUSTRY ASSOCIATION ISSUES COMMITTEE",2038441,2016-08-01,2016-01-01,2016-03-31,94888.0,0.0,-3758.0,0.0,94888.0,91129.0
1374469,"YES ON PROPOSITION 51 - CALIFORNIANS FOR QUALITY SCHOOLS, SPONSORED AND FUNDED BY COALITION FOR ADEQUATE SCHOOL HOUSING ISSUES COMMITTEE AND CALIFORNIA BUILDING INDUSTRY ASSOCIATION ISSUES COMMITTEE",2064659,2016-08-01,2016-04-01,2016-06-30,135041.0,0.0,5977.0,4678.0,135041.0,145695.0
1374469,"YES ON PROPOSITION 51 - CALIFORNIANS FOR QUALITY SCHOOLS, SPONSORED AND FUNDED BY COALITION FOR ADEQUATE SCHOOL HOUSING ISSUES COMMITTEE AND CALIFORNIA BUILDING INDUSTRY ASSOCIATION ISSUES COMMITTEE",2083357,2016-10-27,2016-07-01,2016-09-24,2239525.0,0.0,1298494.0,28062.0,2239525.0,3566081.0
1374469,"YES ON PROPOSITION 51 - CALIFORNIANS FOR QUALITY SCHOOLS, SPONSORED AND FUNDED BY COALITION FOR ADEQUATE SCHOOL HOUSING ISSUES COMMITTEE AND CALIFORNIA BUILDING INDUSTRY ASSOCIATION ISSUES COMMITTEE",2097986,2017-01-31,2016-09-25,2016-10-22,7445591.0,0.0,-1307150.0,84347.0,7445591.0,6222788.0
1374469,"YES ON PROPOSITION 51 - CALIFORNIANS FOR QUALITY SCHOOLS, SPONSORED AND FUNDED BY COALITION FOR ADEQUATE SCHOOL HOUSING ISSUES COMMITTEE AND CALIFORNIA BUILDING INDUSTRY ASSOCIATION ISSUES COMMITTEE",2130385,2017-01-31,2016-10-23,2016-12-31,498897.0,0.0,460.0,15390.0,498897.0,514746.0
1374469,"YES ON PROPOSITION 51 - CALIFORNIANS FOR QUALITY SCHOOLS, SPONSORED AND FUNDED BY COALITION FOR ADEQUATE SCHOOL HOUSING ISSUES COMMITTEE AND CALIFORNIA BUILDING INDUSTRY ASSOCIATION ISSUES COMMITTEE",2130387,2017-01-31,2017-01-01,2017-01-31,21425.0,0.0,-2490.0,0.0,21425.0,18935.0
1362973,YES ON PROPOSITION 52 - A COALITION OF CALIFORNIA ASSOCIATION OF HOSPITALS AND HEALTH SYSTEMS AND NON-PROFIT HEALTH CARE ORGANIZATIONS,1962988,2015-04-15,2015-01-01,2015-03-31,247755.0,0.0,14770.0,0.0,247755.0,262525.0
1362973,YES ON PROPOSITION 52 - A COALITION OF CALIFORNIA ASSOCIATION OF HOSPITALS AND HEALTH SYSTEMS AND NON-PROFIT HEALTH CARE ORGANIZATIONS,1980342,2015-07-21,2015-04-01,2015-06-30,680553.0,0.0,83717.0,0.0,680553.0,764271.0
1362973,YES ON PROPOSITION 52 - A COALITION OF CALIFORNIA ASSOCIATION OF HOSPITALS AND HEALTH SYSTEMS AND NON-PROFIT HEALTH CARE ORGANIZATIONS,1997767,2016-01-29,2015-07-01,2015-09-30,730471.0,0.0,-82804.0,0.0,730471.0,647667.0
1362973,YES ON PROPOSITION 52 - A COALITION OF CALIFORNIA ASSOCIATION OF HOSPITALS AND HEALTH SYSTEMS AND NON-PROFIT HEALTH CARE ORGANIZATIONS,2009922,2016-01-22,2015-10-01,2015-12-31,582319.0,0.0,-14851.0,0.0,582319.0,567467.0
1362973,YES ON PROPOSITION 52 - A COALITION OF CALIFORNIA ASSOCIATION OF HOSPITALS AND HEALTH SYSTEMS AND NON-PROFIT HEALTH CARE ORGANIZATIONS,2033916,2016-04-19,2016-01-01,2016-03-31,36195915.0,0.0,55911.0,0.0,36195915.0,36251827.0
1362973,YES ON PROPOSITION 52 - A COALITION OF CALIFORNIA ASSOCIATION OF HOSPITALS AND HEALTH SYSTEMS AND NON-PROFIT HEALTH CARE ORGANIZATIONS,2061105,2016-07-25,2016-04-01,2016-06-30,1175237.0,0.0,44564.0,0.0,1175237.0,1219800.0
1362973,YES ON PROPOSITION 52 - A COALITION OF CALIFORNIA ASSOCIATION OF HOSPITALS AND HEALTH SYSTEMS AND NON-PROFIT HEALTH CARE ORGANIZATIONS,2082752,2017-02-21,2016-07-01,2016-09-24,14574552.0,0.0,-101223.0,41933.0,14574552.0,14515262.0
1362973,YES ON PROPOSITION 52 - A COALITION OF CALIFORNIA ASSOCIATION OF HOSPITALS AND HEALTH SYSTEMS AND NON-PROFIT HEALTH CARE ORGANIZATIONS,2097237,2017-02-21,2016-09-25,2016-10-22,1029128.0,0.0,92560.0,270095.0,1029128.0,1391783.0
1362973,YES ON PROPOSITION 52 - A COALITION OF CALIFORNIA ASSOCIATION OF HOSPITALS AND HEALTH SYSTEMS AND NON-PROFIT HEALTH CARE ORGANIZATIONS,2127679,2017-01-30,2016-10-23,2016-12-31,3318926.0,0.0,-94113.0,31855.0,3318926.0,3256668.0
