election_name,election_date,election_id,ocd_prop_id,calaccess_prop_id,ccdc_prop_id,prop_name
2000 PRIMARY,2000-03-07 00:00:00+00:00,ocd-event/e9cb6a1f-203e-4305-883b-17de53940dfd,ocd-contest/ae6d712e-8136-44be-848b-450ae39ccf7a,1007678,1,"PROP 12 - 2000 AB 18 (CHAPTER 461, 1999). VILLARAIGOSA. BOND: PARKS, WATER, COASTAL PROTECTION ACT."
2000 PRIMARY,2000-03-07 00:00:00+00:00,ocd-event/e9cb6a1f-203e-4305-883b-17de53940dfd,ocd-contest/81ab5b3d-4f0f-4c17-a3f8-154976b69c2c,1007679,2,"PROP 13 - 2000 AB 1584 (CHAPTER 725, 1999). MACHADO. SAFE DRINKING WATER, CLEAN WATER, WATERSHED PROTECTION, AND FLOOD PROTEC"
2000 PRIMARY,2000-03-07 00:00:00+00:00,ocd-event/e9cb6a1f-203e-4305-883b-17de53940dfd,ocd-contest/efd74f8d-f31c-442a-a943-24c58a0855c8,1007680,3,"PROP 14 - 2000 SB 3 (CHAPTER 726, 1999). RAINEY. CALIFORNIA READING AND LITERACY IMPROVEMENT AND PUBLIC LIBRARY CONSTRUCTION"
2000 PRIMARY,2000-03-07 00:00:00+00:00,ocd-event/e9cb6a1f-203e-4305-883b-17de53940dfd,ocd-contest/bd63d155-f275-438b-aef7-b8d85b713e92,1007681,4,"PROP 15 - 2000 AB 1391 (CHAPTER 727, 1999). HERTZBERG. FORENSIC LABORATORIES."
2000 PRIMARY,2000-03-07 00:00:00+00:00,ocd-event/e9cb6a1f-203e-4305-883b-17de53940dfd,ocd-contest/eb91a569-bacc-4a57-9739-4da0d2ec2e67,1007682,5,"PROP 16 - 2000 SB 630 (CHAPTER 728, 1999). DUNN. VETERANS' HOMES."
2000 PRIMARY,2000-03-07 00:00:00+00:00,ocd-event/e9cb6a1f-203e-4305-883b-17de53940dfd,ocd-contest/ce2eac86-6ffd-490d-abf0-afd00850d60f,1007683,6,"PROP 17 - 2000 SCA 4 (RESOLUTION CHAPTER 123, 1999). MC PHERSON. LOTTERIES: CHARITABLE RAFFLES."
2000 PRIMARY,2000-03-07 00:00:00+00:00,ocd-event/e9cb6a1f-203e-4305-883b-17de53940dfd,ocd-contest/3d1d23dc-5e7f-46b7-888b-d3ef8780934d,1007684,7,"PROP 18 - 2000 SB 1878 (CHAPTER 629, 19998). KOPP. MURDER:      SPECIAL CIRCUMSTANCES."
2000 PRIMARY,2000-03-07 00:00:00+00:00,ocd-event/e9cb6a1f-203e-4305-883b-17de53940dfd,ocd-contest/30f550f6-fc35-4996-b0b7-06aa490b209e,1007685,8,"PROP 19 - 2000 SB 1690 (CHAPTER 760, 1998). RAINEY. PEACE OFFICERS."
2000 PRIMARY,2000-03-07 00:00:00+00:00,ocd-event/e9cb6a1f-203e-4305-883b-17de53940dfd,ocd-contest/86e05d6f-3f36-44f1-a99a-319b9bde69fb,1007677,9,"PROP 1A - 2000.  SCA 11 (RESOLUTION CHAPTER 142, 1999). BURTON. GAMBLING."
2000 PRIMARY,2000-03-07 00:00:00+00:00,ocd-event/e9cb6a1f-203e-4305-883b-17de53940dfd,ocd-contest/657c873b-e883-4982-9e9c-61919cdf5b35,1007686,10,"PROP 20 - 2000 AB 1453 (CHAPTER 800, 1998). CARDENAS. CALIFORNIA STATE LOTTERY: CARDENAS TEXTBOOK ACT OF 2000."
2000 PRIMARY,2000-03-07 00:00:00+00:00,ocd-event/e9cb6a1f-203e-4305-883b-17de53940dfd,ocd-contest/4761e254-4c5e-4bab-96c5-ebbb5dc7ef16,1007515,11,PROP 21 - 2000 JUVENILE CRIME. INITIATIVE STATUTE.
2000 PRIMARY,2000-03-07 00:00:00+00:00,ocd-event/e9cb6a1f-203e-4305-883b-17de53940dfd,ocd-contest/721fc3d6-e83d-424d-a2c2-aca621481896,1007594,12,PROP 22 - 2000 DEFINITION OF MARRIAGE. INITIATIVE STATUTE.
2000 PRIMARY,2000-03-07 00:00:00+00:00,ocd-event/e9cb6a1f-203e-4305-883b-17de53940dfd,ocd-contest/2d1eb90f-d5ce-4f89-b4fb-ea93d21463c4,1007628,13,"PROP 23 - 2000 ""NONE OF THE ABOVE"" BALLOT OPTION. INITIATIVE STATUTE."
2000 PRIMARY,2000-03-07 00:00:00+00:00,ocd-event/e9cb6a1f-203e-4305-883b-17de53940dfd,ocd-contest/0ed781fa-c328-44b0-b3a7-d58f1887cf08,1007655,14,PROP 25 - 2000 ELECTION CAMPAIGNS. CONTRIBUTION AND SPENDING LIMITS. PUBLIC FINANCING. DISCLOSURES. INITIATIVE STATUTE.
2000 PRIMARY,2000-03-07 00:00:00+00:00,ocd-event/e9cb6a1f-203e-4305-883b-17de53940dfd,ocd-contest/f7ad0c61-f5ff-45d4-abd2-0f99b5754cd3,1007623,15,PROP 26 - 2000 SCHOOL FACILITIES. BONDS. LOCAL MAJORITY VOTE. INITIATIVE STATUTE.
2000 PRIMARY,2000-03-07 00:00:00+00:00,ocd-event/e9cb6a1f-203e-4305-883b-17de53940dfd,ocd-contest/4b2e0eb6-6d57-4d1d-985c-44d6f4818a77,1007446,16,PROP 27 - 2000 ELECTIONS. TERM LIMITS DECLARATIONS FOR CONGRESSIONAL CANDIDATES. INITIATIVE STATUTE.
2000 PRIMARY,2000-03-07 00:00:00+00:00,ocd-event/e9cb6a1f-203e-4305-883b-17de53940dfd,ocd-contest/52086b31-c98d-4cdc-97ad-d7bf1c2f8aef,1007626,17,PROP 28 - 2000 REPEAL OF ADDITIONAL TOBACCO SURTAX ENACTED BY PROPOSITION 10. INITIATIVE STATUTE.
2000 PRIMARY,2000-03-07 00:00:00+00:00,ocd-event/e9cb6a1f-203e-4305-883b-17de53940dfd,ocd-contest/7fdf54f3-3762-422b-8a8e-3b229b47d3cc,1007614,18,PROP 29 - 2000 REFERENDUM VOTE TO OVERTURN PREVIOUSLY APPROVED GAMING COMPACTS.
2000 PRIMARY,2000-03-07 00:00:00+00:00,ocd-event/e9cb6a1f-203e-4305-883b-17de53940dfd,ocd-contest/9c344b97-a90d-4fa1-8a0a-a1c34a3f353f,1007671,19,"PROP 30 - 2000 REFERENDUM PETITION TO OVERTURN ""THE FAIR INSURANCE RESPONSIBILITY ACT."""
2000 PRIMARY,2000-03-07 00:00:00+00:00,ocd-event/e9cb6a1f-203e-4305-883b-17de53940dfd,ocd-contest/3bc11809-a8ce-40d4-80db-1cd09e71e64c,1007676,20,"PROP 31 - 2000 REFERENDUM PETITION TO OVERTURN AMENDMENTS TO ""THE FAIR INSURANCE RESPONSIBILITY ACT."""
2000 GENERAL,2000-11-07 00:00:00+00:00,ocd-event/733b062d-75d2-4e23-8e17-838f808780be,ocd-contest/9b616ce2-12c5-403d-b0b5-21a1c674ed08,1225295,21,PROP 32 - VETERANS' BOND ACT OF 2000
2000 GENERAL,2000-11-07 00:00:00+00:00,ocd-event/733b062d-75d2-4e23-8e17-838f808780be,ocd-contest/1a755416-d395-4074-9ea5-88241d10ee74,1225298,22,PROP 33 - LEGISLATURE. PARTICIPATION IN PUBLIC EMPLOYEES' RETIREMENT SYSTEM. LEGISLATIVE CONSTITUTIONAL AMENDMENT.
2000 GENERAL,2000-11-07 00:00:00+00:00,ocd-event/733b062d-75d2-4e23-8e17-838f808780be,ocd-contest/44ad32fe-9666-4f2b-98cd-a60ea8fae9e7,1225301,23,PROP 34 - CAMPAIGN CONTRIBUTIONS AND SPENDING. LIMITS. DISCLOSURE. LEGISLATIVE INITIATIVE AMENDMENT.
2000 GENERAL,2000-11-07 00:00:00+00:00,ocd-event/733b062d-75d2-4e23-8e17-838f808780be,ocd-contest/034cbdb3-0e9b-4468-a988-f12551a52a12,1007621,24,PROP 35 - PUBLIC WORKS PROJECTS. USE OF PRIVATE CONTRACTORS FOR ENGINEERING AND ARCHITECTURAL SERVICES. INITIATIVE CONSTITUTIONAL AMENDMENT AND STATUTE.
2000 GENERAL,2000-11-07 00:00:00+00:00,ocd-event/733b062d-75d2-4e23-8e17-838f808780be,ocd-contest/7a03ca23-038c-4f3b-b48a-43fcc0064718,1221199,25,PROP 36 - DRUG TREATMENT DIVERSION PROGRAM. INITIATIVE STATUTE.
2000 GENERAL,2000-11-07 00:00:00+00:00,ocd-event/733b062d-75d2-4e23-8e17-838f808780be,ocd-contest/541d3b71-4db0-4753-9e25-594e58488a02,1224360,26,PROP 37 - FEES. VOTE REQUIREMENTS. TAXES. INITIATIVE CONSTITUTIONAL AMENDMENT.
2000 GENERAL,2000-11-07 00:00:00+00:00,ocd-event/733b062d-75d2-4e23-8e17-838f808780be,ocd-contest/edd09320-48c4-4875-a1c6-0375652107d4,1221201,27,PROP 38 - SCHOOL VOUCHERS. STATE-FUNDED PRIVATE AND RELIGIOUS EDUCATION. PUBLIC SCHOOL FUNDING. INITIATIVE CONSTITUTIONAL AMENDMENT.
2000 GENERAL,2000-11-07 00:00:00+00:00,ocd-event/733b062d-75d2-4e23-8e17-838f808780be,ocd-contest/cf4629e7-fafd-46de-9251-a97e644241ab,1224425,28,"PROP 39 - SCHOOL FACILITIES. 55% LOCAL VOTE. BONDS, TAXES. ACCOUNTABILITY REQUIREMENTS. INITIATIVE CONSTITUTIONAL AMENDMENT AND STATUTE."
2002 PRIMARY,2002-03-05 00:00:00+00:00,ocd-event/dccf18ff-aca7-41ee-ab61-f15eb6250918,ocd-contest/f9c4748b-b8f2-4962-ace4-1a60079ec50f,1239148,133,"PROP 40 - CALIFORNIA CLEAN WATER, CLEAN AIR, SAFE NEIGHBORHOOD PARKS, AND COASTAL PROTECTION ACT OF 2002. AB. 1602 (2001)"
2002 PRIMARY,2002-03-05 00:00:00+00:00,ocd-event/dccf18ff-aca7-41ee-ab61-f15eb6250918,ocd-contest/0ca1798c-df66-4282-9b7c-aa3c1dfe3ee5,1239150,134,PROP 41 - VOTING MODERNIZATION ACT OF 2002. AB 56 (2001)
2002 PRIMARY,2002-03-05 00:00:00+00:00,ocd-event/dccf18ff-aca7-41ee-ab61-f15eb6250918,ocd-contest/954c5b95-4a57-4941-81f0-1b9cb8eedf20,1238835,135,PROP 42 - TRANSPORTATION FUNDING: SALES AND USE TAX REVENUES. ACA 4. (2001)
2002 PRIMARY,2002-03-05 00:00:00+00:00,ocd-event/dccf18ff-aca7-41ee-ab61-f15eb6250918,ocd-contest/f3447c7b-3908-4f0a-9abc-ceb26e7e02c9,1238846,136,PROP 43 - RIGHT TO HAVE VOTE COUNTED. ACA 9. (2001).
2002 PRIMARY,2002-03-05 00:00:00+00:00,ocd-event/dccf18ff-aca7-41ee-ab61-f15eb6250918,ocd-contest/07cb29a5-2356-4bc4-8189-a9830328ff3b,1238847,137,PROP 44 - INSURANCE FRAUD. SB 1988. (2000).
2002 PRIMARY,2002-03-05 00:00:00+00:00,ocd-event/dccf18ff-aca7-41ee-ab61-f15eb6250918,ocd-contest/0e29bd92-78d8-46c6-a6cf-dc0ffebb03e6,1237346,138,PROP 45 - LEGISLATIVE TERM LIMITS. LOCAL VOTER PETITIONS. INITIATIVE CONSTITUTIONAL AMENDMENT.
2002 GENERAL,2002-11-05 00:00:00+00:00,ocd-event/bd2142ef-f6d3-4b57-bf97-aaa6091e4e5c,ocd-contest/419c93bb-c578-4d41-bdfd-137272567ffa,1244959,139,PROP 46 - HOUSING AND EMERGENCY SHELTER TRUST FUND ACT OF 2002.
2002 GENERAL,2002-11-05 00:00:00+00:00,ocd-event/bd2142ef-f6d3-4b57-bf97-aaa6091e4e5c,ocd-contest/558fb953-0e6b-4d7a-b396-50f608d9f5cc,1244960,140,PROP 47 - KINDERGARTEN-UNIVERSITY PUBLIC EDUCATION FACILITIES BOND ACT OF 2002.
2002 GENERAL,2002-11-05 00:00:00+00:00,ocd-event/bd2142ef-f6d3-4b57-bf97-aaa6091e4e5c,ocd-contest/f4624cb2-2c3f-447e-af32-cfb978020d36,1245253,141,PROP 48 - COURT CONSOLIDATION. LEGISLATIVE CONSTITUTIONAL AMENDMENT.
2002 GENERAL,2002-11-05 00:00:00+00:00,ocd-event/bd2142ef-f6d3-4b57-bf97-aaa6091e4e5c,ocd-contest/26f0b156-d3a0-4682-b840-faa39156ace5,1245288,142,PROP 49 - BEFORE AND AFTER SCHOOL PROGRAMS. STATE GRANTS. INITIATIVE STATUTE.
2002 GENERAL,2002-11-05 00:00:00+00:00,ocd-event/bd2142ef-f6d3-4b57-bf97-aaa6091e4e5c,ocd-contest/3dc18dc9-4a22-4ce1-a786-47e62a140819,1244594,143,"PROP 50 - WATER QUALITY, SUPPLY AND SAFE DRINKING WATER PROJECTS. COASTAL WETLANDS PURCHASE AND PROTECTION. BONDS. INITIATIVE STATUTE."
2002 GENERAL,2002-11-05 00:00:00+00:00,ocd-event/bd2142ef-f6d3-4b57-bf97-aaa6091e4e5c,ocd-contest/58a8357b-be98-4549-825b-f0cc1dedc596,1244589,144,PROP 51 - TRANSPORTATION. DISTRIBUTION OF EXISTING MOTOR VEHICLE SALES AND USE TAX. INITIATIVE STATUTE.
2002 GENERAL,2002-11-05 00:00:00+00:00,ocd-event/bd2142ef-f6d3-4b57-bf97-aaa6091e4e5c,ocd-contest/8cd5bcbf-5a87-4c82-afcc-b164c78cfc78,1244588,145,PROP 52 - ELECTION DAY VOTER REGISTRATION. VOTER FRAUD PENALITIES. INITATIVE STATUTE.
2003 SPECIAL ELECTION,2003-10-07 00:00:00+00:00,ocd-event/291fe00e-1e45-40ec-a105-86dde9c8b759,ocd-contest/9ee94e03-12be-4788-8af4-25f6c0919164,1256382,146,2003 RECALL QUESTION
2003 SPECIAL ELECTION,2003-10-07 00:00:00+00:00,ocd-event/291fe00e-1e45-40ec-a105-86dde9c8b759,ocd-contest/7ae4970d-6208-4dc5-ba72-d239ce25e0a6,1255050,147,PROP 53 - INFRASTRUCTURE: FINANCE.
2003 SPECIAL ELECTION,2003-10-07 00:00:00+00:00,ocd-event/291fe00e-1e45-40ec-a105-86dde9c8b759,ocd-contest/f7fdca4b-108f-4ab3-bc12-677d8ca18ed5,1244577,148,"PROP 54 - CLASSIFICATION BY RACE, ETHNICITY, COLOR OR NATIONAL ORIGIN."
2004 PRIMARY,2004-03-02 00:00:00+00:00,ocd-event/0bbce3dc-5789-4879-b66b-61bf3d3bd844,ocd-contest/3836d3d0-7df0-482b-9f47-03f43f77c33a,1255049,165,PROP 55 - KINDERGARTEN-UNIVERSITY PUBLIC EDUCATION FACILITIES BOND ACT OF 2004.
2004 PRIMARY,2004-03-02 00:00:00+00:00,ocd-event/0bbce3dc-5789-4879-b66b-61bf3d3bd844,ocd-contest/99a34e3a-e062-4905-9940-e8b7edf0b87c,1260878,166,"PROP 56 - STATE BUDGET, RELATED TAXES, AND RESERVE. VOTING REQUIREMENTS. PENALTIES. INITIATIVE CONSTITUTIONAL AMENDMENT."
2004 PRIMARY,2004-03-02 00:00:00+00:00,ocd-event/0bbce3dc-5789-4879-b66b-61bf3d3bd844,ocd-contest/500607b3-a41e-4fd8-abaa-bf7595b57997,1261013,167,"PROP 57 - ABX5 9 (CHAPTER 2, STATUTES 2003, 5TH EXTRAORDINARY SESSION). OROPEZA. ECONOMIC RECOVERY BONDS."
2004 PRIMARY,2004-03-02 00:00:00+00:00,ocd-event/0bbce3dc-5789-4879-b66b-61bf3d3bd844,ocd-contest/ab7e88fc-1aa7-4d4d-8a25-593e371cbf80,1261015,168,"PROP 58 - ABX5 5 (RESOLUTION CHAPTER 1, STATUTES OF 2003, 5TH EXTRAORDINARY SESSION). OROPEZA. STATE FINANCE."
2004 GENERAL,2004-11-02 00:00:00+00:00,ocd-event/65ba4033-2bed-4802-98e7-1cf5a3bd2e5a,ocd-contest/d93428be-0548-4dcf-8e18-27382ab245a7,1267682,149,"PROP 1A - SCA 4 (RESOLUTION CHAPTER 133, STATUTES OF 2004). TORLAKSON. PROTECTION OF LOCAL GOVERNMENT REVENUES."
2004 GENERAL,2004-11-02 00:00:00+00:00,ocd-event/65ba4033-2bed-4802-98e7-1cf5a3bd2e5a,ocd-contest/beb9473e-0f55-4b19-b03e-6c5ced90a5c8,1265077,150,"PROP 59 - SCA 1 (RESOLUTION CHAPTER 1, STATUTES OF 2004). BURTON. ACCESS TO GOVERNMENT INFORMATION"
2004 GENERAL,2004-11-02 00:00:00+00:00,ocd-event/65ba4033-2bed-4802-98e7-1cf5a3bd2e5a,ocd-contest/f81078c9-36ea-4904-be6d-f57d8dd5d3f7,1267683,152,"PROP 60A - SCA (RESOLUTION CHAPTER 103, 2004). JOHNSON. SURPLUS PROPERTY. LEGISLATIVE CONSTITUTIONAL AMENDMENT."
2004 GENERAL,2004-11-02 00:00:00+00:00,ocd-event/65ba4033-2bed-4802-98e7-1cf5a3bd2e5a,ocd-contest/1c41a525-ac9c-48b0-be1f-29eb24e3cecc,1266469,151,"PROP 60 - SCA 18 (RESOLUTION CHAPTER 103, 2004). JOHNSON. ELECTION RIGHTS OF POLITICAL PARTIES. SURPLUS PROPERTY. LEGISLATIVE CONSTITUTIONAL AMENDMENT."
2004 GENERAL,2004-11-02 00:00:00+00:00,ocd-event/65ba4033-2bed-4802-98e7-1cf5a3bd2e5a,ocd-contest/6784df8b-c78c-4ac9-924e-9cb77dbdbf05,1260985,153,PROP 61 - CHILDREN'S HOSPITAL PROJECTS. GRANT PROGRAM. BOND ACT. INITIATIVE STATUTE.
2004 GENERAL,2004-11-02 00:00:00+00:00,ocd-event/65ba4033-2bed-4802-98e7-1cf5a3bd2e5a,ocd-contest/b045d2dd-2c14-4a34-b616-4a52cf57f4cb,1260856,154,PROP 62 - ELECTIONS. PRIMARIES. INITIATIVE CONSTITUTIONAL AMENDMENT AND STATUTE.
2004 GENERAL,2004-11-02 00:00:00+00:00,ocd-event/65ba4033-2bed-4802-98e7-1cf5a3bd2e5a,ocd-contest/bf1ee053-5959-4a7a-a231-59e60163d37e,1260927,155,PROP 63 - MENTAL HEALTH SERVICES EXPANSION AND FUNDING. TAX ON INCOMES OVER $1 MILLION. INITIATIVE STATUTE.
2004 GENERAL,2004-11-02 00:00:00+00:00,ocd-event/65ba4033-2bed-4802-98e7-1cf5a3bd2e5a,ocd-contest/73e4c27c-daeb-4a18-9ead-0adf3e860516,1264264,156,PROP 64 - LIMITATIONS ON ENFORCEMENT OF UNFAIR BUSINESS COMPETITION LAWS. INITIATIVE STATUTE
2004 GENERAL,2004-11-02 00:00:00+00:00,ocd-event/65ba4033-2bed-4802-98e7-1cf5a3bd2e5a,ocd-contest/6159d000-01c0-4265-a8d6-9d95775c464f,1264316,157,PROP 65 - LOCAL GOVERNMENT FUNDS AND REVENUES. STATE MANDATES. INITIATIVE CONSTITUTIONAL AMENDMENT.
2004 GENERAL,2004-11-02 00:00:00+00:00,ocd-event/65ba4033-2bed-4802-98e7-1cf5a3bd2e5a,ocd-contest/cc4717a1-27c5-45dd-840f-9067782c5834,1264261,158,"PROP 66 - LIMITATIONS ON ""THREE STRIKES"" LAW. SEX CRIMES. PUNISHMENT. INITIATIVE STATUTE."
2004 GENERAL,2004-11-02 00:00:00+00:00,ocd-event/65ba4033-2bed-4802-98e7-1cf5a3bd2e5a,ocd-contest/af735604-66d5-42e4-9a84-90c1b369fae0,1263795,159,PROP 67 - EMERGENCY AND MEDICAL SERVICES. FUNDING. TELEPHONE SURCHAGE. INITIATIVE CONSTITUTIONAL AMENDMENT AND STATUTE.
2004 GENERAL,2004-11-02 00:00:00+00:00,ocd-event/65ba4033-2bed-4802-98e7-1cf5a3bd2e5a,ocd-contest/5e3d1b81-0a72-45eb-b2c4-166b307618e4,1263263,160,"PROP 68 - TRIBAL GAMING COMPACT RENEGOTIATION. NON-TRIBAL COMMERCIAL GAMBLING EXPANSION. REVENUES, TAX EXEMPTIONS. INITIATIVE CONSTITUTIONAL AMENDMENT AND STATUTE."
2004 GENERAL,2004-11-02 00:00:00+00:00,ocd-event/65ba4033-2bed-4802-98e7-1cf5a3bd2e5a,ocd-contest/0d3e9496-4278-48a0-a2b7-982e88c92940,1264308,161,PROP 69 - DNA SAMPLES. COLLECTION. DATABASE. FUNDING. INITIATIVE STATUTE.
2004 GENERAL,2004-11-02 00:00:00+00:00,ocd-event/65ba4033-2bed-4802-98e7-1cf5a3bd2e5a,ocd-contest/41e33054-ac7e-477e-94e9-0a61c09f55d9,1264620,162,PROP 70 - TRIBAL GAMING COMPACTS. EXCLUSIVE GAMING RIGHTS. CONTRIBUTIONS TO STATE. INITIATIVE CONSTITUTIONAL AMENDMENT AND STATUTE.
2004 GENERAL,2004-11-02 00:00:00+00:00,ocd-event/65ba4033-2bed-4802-98e7-1cf5a3bd2e5a,ocd-contest/cfd09d0a-292d-41bf-aa1b-4fc95e82b055,1265692,163,PROP 71 - STEM CELL RESEARCH. FUNDING. BONDS. INITIATIVE CONSTITUTIONAL AMENDMENT AND STATUTE.
2004 GENERAL,2004-11-02 00:00:00+00:00,ocd-event/65ba4033-2bed-4802-98e7-1cf5a3bd2e5a,ocd-contest/c4862737-3c86-4503-8177-fcd22f8d2502,1260875,164,PROP 72 - REFERENDUM PETITION TO OVERTURN AMENDMENTS TO HEALTH CARE COVERAGE REQUIREMENTS.
2005 SPECIAL ELECTION,2005-11-08 00:00:00+00:00,ocd-event/225b7058-95c3-48f0-bee2-7ff16c0b1adf,ocd-contest/bd2eb16e-cebd-4235-9f86-37fc86421faf,1276349,103,PROP 73 - TERMINATION OF MINOR'S PREGNANCY. WAITING PERIOD AND PARENTAL NOTIFICATION. INITIATIVE CONSTITUTIONAL AMENDMENT.
2005 SPECIAL ELECTION,2005-11-08 00:00:00+00:00,ocd-event/225b7058-95c3-48f0-bee2-7ff16c0b1adf,ocd-contest/a47f8679-db04-4e8b-a0eb-dbb508226f3d,1275738,104,PROP 74 - PUBLIC SCHOOL TEACHERS. WAITING PERIOD FOR PERMANENT STATUS. DISMISSAL. INITIATIVE STATUTE.
2005 SPECIAL ELECTION,2005-11-08 00:00:00+00:00,ocd-event/225b7058-95c3-48f0-bee2-7ff16c0b1adf,ocd-contest/322360f8-46f3-4cc2-89f6-49cabedd3362,1276369,105,PROP 75 - PUBLIC EMPLOYEE UNION DUES. REQUIRED EMPLOYEE CONSENT FOR POLITICAL CONTRIBUTIONS. INITIATIVE STATUTE.
2005 SPECIAL ELECTION,2005-11-08 00:00:00+00:00,ocd-event/225b7058-95c3-48f0-bee2-7ff16c0b1adf,ocd-contest/892664a9-6f39-47cb-b51a-013ab93628ab,1276374,106,PROP 76 - SCHOOL FUNDING. STATE SPENDING. INITIATIVE CONSTITUTIONAL AMENDMENT.
2005 SPECIAL ELECTION,2005-11-08 00:00:00+00:00,ocd-event/225b7058-95c3-48f0-bee2-7ff16c0b1adf,ocd-contest/f9089883-3264-4983-a15b-0c4bb32abc19,1276356,107,PROP 77 - REAPPORTIONMENT. INITIATIVE CONSTITUTIONAL AMENDMENT.
2005 SPECIAL ELECTION,2005-11-08 00:00:00+00:00,ocd-event/225b7058-95c3-48f0-bee2-7ff16c0b1adf,ocd-contest/c89f5c43-dd87-4885-a7eb-604585d47f33,1275966,108,PROP 78 - PRESCRIPTION DRUGS. DISCOUNTS. INITIATIVE STATUTE.
2005 SPECIAL ELECTION,2005-11-08 00:00:00+00:00,ocd-event/225b7058-95c3-48f0-bee2-7ff16c0b1adf,ocd-contest/a90f380c-406c-4347-a546-629fc2443b1a,1276277,109,PROP 79 - PRESCRIPTION DRUG DISCOUNTS. STATE-NEGOTIATED REBATES. INITIATIVE STATUTE.
2005 SPECIAL ELECTION,2005-11-08 00:00:00+00:00,ocd-event/225b7058-95c3-48f0-bee2-7ff16c0b1adf,ocd-contest/7148d9af-7054-4d9e-b2c0-366a00178233,1275935,110,PROP 80 - ELECTRIC SERVICE PROVIDERS. REGULATION. INITIATIVE STATUTE.
2006 PRIMARY,2006-06-06 00:00:00+00:00,ocd-event/c2c717ce-d921-4a44-a09e-478320c65110,ocd-contest/57c793f0-8ca1-4f5f-b160-f2e11e0f79a4,1276095,88,"PROP 81 - SB 1161 (CHAPTER 698, 2004). ALPERT. CALIFORNIA READING AND LITERACY IMPROVEMENT AND PUBLIC LIBRARY CONSTRUCTION AND RENOVATION BOND ACT OF 2006."
2006 PRIMARY,2006-06-06 00:00:00+00:00,ocd-event/c2c717ce-d921-4a44-a09e-478320c65110,ocd-contest/ff90dd5f-1696-4125-a715-acb6cc93d6aa,1282459,89,"PROP 82 - PUBLIC PRESCHOOL EDUCATION. TAX INCREASE ON INCOMES OVER $400,000 FOR INDIVIDUALS; $800,000 FOR COUPLES. INITIATIVE CONSTITUTIONAL AMENDMENT AND STATUTE."
2006 GENERAL,2006-11-07 00:00:00+00:00,ocd-event/c36b524d-5c0a-46bd-bf78-c4ea8c0d0134,ocd-contest/219bcc85-f217-4013-9f91-4d8a6f877dc2,1286823,90,"PROP 1A - SCA 7 (RESOLUTION 49, 2006). TORLAKSON. TRANSPORTATION INVESTMENT FUND."
2006 GENERAL,2006-11-07 00:00:00+00:00,ocd-event/c36b524d-5c0a-46bd-bf78-c4ea8c0d0134,ocd-contest/abbca6eb-2341-4901-8eaa-8dc2cb2818e8,1286824,91,"PROP 1B - SB 1266 (CHAPTER 25, 2006). PERATA. HIGHWAY SAFETY, TRAFFIC REDUCTION, AIR QUALITY, PORT SECURITY BOND ACT"
2006 GENERAL,2006-11-07 00:00:00+00:00,ocd-event/c36b524d-5c0a-46bd-bf78-c4ea8c0d0134,ocd-contest/fd7e3b5e-068b-48db-9e95-63ddcd19e427,1286826,92,"PROP 1C - SB 1689 (CHAPTER 25, 2006). PERATA. HOUSING AND EMERGENCY SHELTER TRUST FUND ACT OF 2006."
2006 GENERAL,2006-11-07 00:00:00+00:00,ocd-event/c36b524d-5c0a-46bd-bf78-c4ea8c0d0134,ocd-contest/bb267983-2285-4c8e-80d7-24d2cd446d57,1286827,93,"PROP 1D - AB 127 (CHAPTER 35, 2006). NUNEZ. EDUCATION FACILITIES: KINDERGARTEN-UNIVERSITY PUBLIC EDUCATION FACILITIES BOND ACT OF 2006."
2006 GENERAL,2006-11-07 00:00:00+00:00,ocd-event/c36b524d-5c0a-46bd-bf78-c4ea8c0d0134,ocd-contest/a25597d7-83d7-4c1d-9bca-eaec09b680a0,1286828,94,"PROP 1E - AB 140 (CHAPTER 33, 2006). NUNEZ. DISASTER PREPAREDNESS AND FLOOD PREVENTION BOND ACT OF 2006."
2006 GENERAL,2006-11-07 00:00:00+00:00,ocd-event/c36b524d-5c0a-46bd-bf78-c4ea8c0d0134,ocd-contest/7978bee5-c2f1-4037-bc91-17d6395dc757,1285554,95,"PROP 83 - SEX OFFENDERS. SEXUALLY VIOLENT PREDATORS. PUNISHMENT, RESIDENCE RESTRICTIONS AND MONITORING. INITIATIVE STATUTE."
2006 GENERAL,2006-11-07 00:00:00+00:00,ocd-event/c36b524d-5c0a-46bd-bf78-c4ea8c0d0134,ocd-contest/0c6fd828-ab65-47f6-95fa-e668b1624647,1283864,96,"PROP 84 - WATER QUALITY, SAFETY AND SUPPLY. FLOOD CONTROL. NATURAL RESOURCE PROTECTION. PARK IMPROVEMENTS. BONDS. INITIATIVE STATUTE."
2006 GENERAL,2006-11-07 00:00:00+00:00,ocd-event/c36b524d-5c0a-46bd-bf78-c4ea8c0d0134,ocd-contest/7c295ef3-9f56-4616-b2fc-95e04654b95d,1283871,97,PROP 85 - WAITING PERIOD AND PARENTAL NOTIFICATION BEFORE TERMINATION OF MINOR'S PREGNANCY. INITIATIVE CONSTITUTIONAL AMENDMENT.
2006 GENERAL,2006-11-07 00:00:00+00:00,ocd-event/c36b524d-5c0a-46bd-bf78-c4ea8c0d0134,ocd-contest/3bda0aa0-382f-44b4-a5c2-fbe90c2ee8c6,1285369,98,PROP 86 - TAX ON CIGARETTES. INITIATIVE CONSTITUTIONAL AMENDMENT AND STATUTE.
2006 GENERAL,2006-11-07 00:00:00+00:00,ocd-event/c36b524d-5c0a-46bd-bf78-c4ea8c0d0134,ocd-contest/1cdea41a-0195-45ba-bb30-d08c90c06a74,1284170,99,"PROP 87 - ALTERNATIVE ENERGY. RESEARCH, PRODUCTION, INCENTIVES. TAX ON CALIFORNIA OIL. INITIATIVE CONSTITUTIONAL AMENDMENT AND STATUTE."
2006 GENERAL,2006-11-07 00:00:00+00:00,ocd-event/c36b524d-5c0a-46bd-bf78-c4ea8c0d0134,ocd-contest/07a029d1-a84a-412d-a4d0-87cb780ab129,1284115,100,PROP 88 - EDUCATION FUNDING. REAL PROPERTY PARCEL TAX. INITIATIVE CONSTITUTIONAL AMENDMENT AND STATUTE.
2006 GENERAL,2006-11-07 00:00:00+00:00,ocd-event/c36b524d-5c0a-46bd-bf78-c4ea8c0d0134,ocd-contest/7e430c75-0a6c-4f5e-912e-d551abc54272,1285981,101,PROP 89 - POLITICAL CAMPAIGNS. PUBLIC FINANCING. CORPORATE TAX INCREASE. CONTRIBUTION AND EXPENDITURE LIMITS. INITIATIVE STATUTE.
2006 GENERAL,2006-11-07 00:00:00+00:00,ocd-event/c36b524d-5c0a-46bd-bf78-c4ea8c0d0134,ocd-contest/1ad0e3f4-c2bb-4967-b63d-0d9371d93aca,1284381,102,"PROP 90 - GOVERNMENT ACQUISITION, REGULATION OF PRIVATE PROPERTY. INITIATIVE CONSTITUTIONAL AMENDMENT."
2008 PRIMARY,2008-02-05 00:00:00+00:00,ocd-event/1d231048-3720-4d03-a041-70b5769086cd,ocd-contest/1ad90e09-b6cc-4a52-af78-aadda2a79f5f,1283435,124,PROP 91 - TRANSPORTATION FUNDING. INITIATIVE CONSTITUTIONAL AMENDMENT AND STATUTE.
2008 PRIMARY,2008-02-05 00:00:00+00:00,ocd-event/1d231048-3720-4d03-a041-70b5769086cd,ocd-contest/eafcdfd2-bf40-44f9-ac9d-d68e58fe3fe0,1297596,125,PROP 92 - COMMUNITY COLLEGES. FUNDING. GOVERNANCE. FEES. INITIATIVE CONSTITUTIONAL AMENDMENT AND STATUTE.
2008 PRIMARY,2008-02-05 00:00:00+00:00,ocd-event/1d231048-3720-4d03-a041-70b5769086cd,ocd-contest/95fa3112-8b0a-493a-9e25-f4ace82c1ef0,1299177,126,PROP 93 - LIMITS ON LEGISLATORS' TERMS IN OFFICE. INITIATIVE CONSTITUTIONAL AMENDMENT.
2008 PRIMARY,2008-02-05 00:00:00+00:00,ocd-event/1d231048-3720-4d03-a041-70b5769086cd,ocd-contest/d37e7e80-c977-44e0-80ee-34f834f7d6f0,1300220,127,"PROP 94 - REFERENDUM ON AMENDMENT TO INDIAN GAMING COMPACT. (CHAPTER 40, STATUTES OF 2007)"
2008 PRIMARY,2008-02-05 00:00:00+00:00,ocd-event/1d231048-3720-4d03-a041-70b5769086cd,ocd-contest/3529ca22-0877-4ee3-9931-7f061fa09d6d,1300218,128,"PROP 95 - REFERENDUM ON AMENDMENT TO INDIAN GAMING COMPACT. (CHAPTER 38, STATUTES OF 2007)"
2008 PRIMARY,2008-02-05 00:00:00+00:00,ocd-event/1d231048-3720-4d03-a041-70b5769086cd,ocd-contest/e6207a5d-bc92-4d68-9264-4f2f492552ef,1300219,129,"PROP 96 - REFERENDUM ON AMENDMENT TO INDIAN GAMING COMPACT. (CHAPTER 39, STATUTES OF 2007)"
2008 PRIMARY,2008-02-05 00:00:00+00:00,ocd-event/1d231048-3720-4d03-a041-70b5769086cd,ocd-contest/dab7e808-0c98-4d72-bcba-bef178c8568e,1300221,130,"PROP 97 - REFERENDUM ON AMENDMENT TO INDIAN GAMING COMPACT. (CHAPTER 41, STATUTES OF 2007)"
2008 PRIMARY,2008-06-03 00:00:00+00:00,ocd-event/8d42b851-ba5d-477c-9524-d9baf402cd08,ocd-contest/88cd9c10-7515-4511-b25d-64fe0ab55bab,1299308,131,PROP 98 - EMINENT DOMAIN. LIMITS ON GOVERNMENT AUTHORITY. INITIATIVE CONSTITUTIONAL AMENDMENT.
2008 PRIMARY,2008-06-03 00:00:00+00:00,ocd-event/8d42b851-ba5d-477c-9524-d9baf402cd08,ocd-contest/4b6ff5ae-e149-4c57-aeae-87b824a90d94,1299473,132,PROP 99 - EMINENT DOMAIN. LIMITS ON GOVERNMENT ACQUISITION OF OWNER-OCCUPIED RESIDENCE. INITIATIVE CONSTITUTIONAL AMENDMENT.
2008 PRIMARY,2008-06-03 00:00:00+00:00,ocd-event/8d42b851-ba5d-477c-9524-d9baf402cd08,ocd-contest/0d7f121a-ca86-4103-99d9-9b31c5b14e8f,1305462,111,"JUNE 3, 2008 - SPECIAL RECALL ELECTION - SENATE DISTRICT 12"
2008 GENERAL,2008-11-04 00:00:00+00:00,ocd-event/cb17f257-78b1-447c-ab6e-62825b7435d3,ocd-contest/6af06dd5-65af-4b26-b106-06ae5a56511b,1310496,112,"PROPOSITION 001A - SAFE, RELIABLE HIGH-SPEED PASSENGER TRAIN BOND ACT."
2008 GENERAL,2008-11-04 00:00:00+00:00,ocd-event/cb17f257-78b1-447c-ab6e-62825b7435d3,ocd-contest/46d8ca98-b041-4250-9fb7-96a5742ee65c,1301652,113,PROPOSITION 002 - STANDARDS FOR CONFINING FARM ANIMALS. INITIATIVE STATUTE.
2008 GENERAL,2008-11-04 00:00:00+00:00,ocd-event/cb17f257-78b1-447c-ab6e-62825b7435d3,ocd-contest/cd8772e8-606e-4cbd-9ad6-d3d1969d7f75,1301126,114,PROPOSITION 003 - CHILDREN'S HOSPITAL BOND ACT. GRANT PROGRAM. INITIATIVE STATUTE.
2008 GENERAL,2008-11-04 00:00:00+00:00,ocd-event/cb17f257-78b1-447c-ab6e-62825b7435d3,ocd-contest/e2510ace-0c42-4e11-987d-67fe0f07cd0a,1302575,115,PROPOSITION 004 - WAITING PERIOD AND PARENTAL NOTIFICATION BEFORE TERMINATION OF MINOR'S PREGNANCY. INITIATIVE CONSTITUTIONAL AMENDMENT.
2008 GENERAL,2008-11-04 00:00:00+00:00,ocd-event/cb17f257-78b1-447c-ab6e-62825b7435d3,ocd-contest/9b5390b7-d0d1-41e3-9c17-151a57942b24,1303172,116,"PROPOSITION 005 - NONVIOLENT DRUG OFFENSES. SENTENCING, PAROLE AND REHABILITATION. INITIATIVE STATUTE."
2008 GENERAL,2008-11-04 00:00:00+00:00,ocd-event/cb17f257-78b1-447c-ab6e-62825b7435d3,ocd-contest/8864f305-d92a-41a6-8adb-27f1a42fa855,1304171,117,PROPOSITION 006 - POLICE AND LAW ENFORCEMENT FUNDING. CRIMINAL PENALTIES AND LAWS. INITIATIVE STATUTE.
2008 GENERAL,2008-11-04 00:00:00+00:00,ocd-event/cb17f257-78b1-447c-ab6e-62825b7435d3,ocd-contest/2c380011-5ff7-457b-8124-3c7a93debb32,1303161,118,PROPOSITION 007 - RENEWABLE ENERGY GENERATION. INITIATIVE STATUTE.
2008 GENERAL,2008-11-04 00:00:00+00:00,ocd-event/cb17f257-78b1-447c-ab6e-62825b7435d3,ocd-contest/b33ae675-7667-455f-9843-4db8dc9bd169,1302602,119,PROPOSITION 008 - ELIMINATES RIGHT OF SAME-SEX COUPLES TO MARRY. INITIATIVE CONSTITUTIONAL AMENDMENT.
2008 GENERAL,2008-11-04 00:00:00+00:00,ocd-event/cb17f257-78b1-447c-ab6e-62825b7435d3,ocd-contest/095c2be1-6b47-4406-8195-42cf0e6afed2,1304168,120,PROPOSITION 009 - CRIMINAL JUSTICE SYSTEM. VICTIMS' RIGHTS. PAROLE. INITIATIVE CONSTITUTIONAL AMENDMENT AND STATUTE.
2008 GENERAL,2008-11-04 00:00:00+00:00,ocd-event/cb17f257-78b1-447c-ab6e-62825b7435d3,ocd-contest/ada059f6-a649-4570-b1ae-1c26cf1647cc,1304276,121,PROPOSITION 010 - ALTERNATIVE FUEL VEHICLES AND RENEWABLE ENERGY. BONDS. INITIATIVE STATUTE.
2008 GENERAL,2008-11-04 00:00:00+00:00,ocd-event/cb17f257-78b1-447c-ab6e-62825b7435d3,ocd-contest/df3c3926-d71d-45bf-b597-484f5298c5bf,1303165,122,PROPOSITION 011 - REDISTRICTING. INITIATIVE CONSTITUTIONAL AMENDMENT AND STATUTE.
2008 GENERAL,2008-11-04 00:00:00+00:00,ocd-event/cb17f257-78b1-447c-ab6e-62825b7435d3,ocd-contest/ac35bb4b-fdb7-4ecd-9ca1-2e12b68daa0e,1308397,123,PROPOSITION 012 - VETERANS' BOND ACT OF 2008.
2009 SPECIAL ELECTION,2009-05-19 00:00:00+00:00,ocd-event/45c1816c-a98c-4b9c-aab6-b42a93611dbb,ocd-contest/74b02652-02c9-4650-8581-c682e184f4b6,1316044,59,"PROPOSITION 001A - STATE BUDGET. CHANGES CALIFORNIA BUDGET PROCESS. LIMITS STATE SPENDING. INCREASES ""RAINY DAY "" BUDGET STABILIZATION FUND."
2009 SPECIAL ELECTION,2009-05-19 00:00:00+00:00,ocd-event/45c1816c-a98c-4b9c-aab6-b42a93611dbb,ocd-contest/62c5b514-fc97-4b8e-aa4b-28b948e5aa9a,1316047,60,PROPOSITION 001B - EDUCATION FUNDING. PAYMENT PLAN.
2009 SPECIAL ELECTION,2009-05-19 00:00:00+00:00,ocd-event/45c1816c-a98c-4b9c-aab6-b42a93611dbb,ocd-contest/888cf1f1-0f15-4d6c-9b7e-7eefee6362ef,1316048,61,PROPOSITION 001C -  LOTTERY MODERNIZATION ACT.
2009 SPECIAL ELECTION,2009-05-19 00:00:00+00:00,ocd-event/45c1816c-a98c-4b9c-aab6-b42a93611dbb,ocd-contest/94ee9470-84b6-480c-b708-2004d1c697bd,1316060,62,PROPOSITION 001D - PROTECTS CHILDREN'S SERVICES FUNDING. HELPS BALANCE STATE BUDGET.
2009 SPECIAL ELECTION,2009-05-19 00:00:00+00:00,ocd-event/45c1816c-a98c-4b9c-aab6-b42a93611dbb,ocd-contest/8f44cfe5-24e2-4e71-bdb8-2bc0526d134c,1316061,63,PROPOSITION 001E - MENTAL HEALTH SERVICES FUNDING. TEMPORARY REALLOCATION. HELPS BALANCE STATE BUDGET.
2009 SPECIAL ELECTION,2009-05-19 00:00:00+00:00,ocd-event/45c1816c-a98c-4b9c-aab6-b42a93611dbb,ocd-contest/45331a2d-3c4d-43f1-af24-565b2b3b0f5a,1316062,64,PROPOSITION 001F - ELECTED OFFICIALS' SALARIES. PREVENTS PAY INCREASES DURING BUDGET DEFICIT YEARS.
2010 PRIMARY,2010-06-08 00:00:00+00:00,ocd-event/c91864e7-f052-4f5f-83a7-bb58e35f78c5,ocd-contest/88f03487-5932-4f59-a702-6588cba7f905,1316063,65,PROPOSITION 013 - PROPERTY TAX: NEW CONSTRUCTION EXCLUSION: SEISMIC RETROFITTING.
2010 PRIMARY,2010-06-08 00:00:00+00:00,ocd-event/c91864e7-f052-4f5f-83a7-bb58e35f78c5,ocd-contest/234c29b6-ac12-47b3-a4a8-13e8cf81554d,1316969,66,PROPOSITION 014 - ELECTIONS: OPEN PRIMARIES.
2010 PRIMARY,2010-06-08 00:00:00+00:00,ocd-event/c91864e7-f052-4f5f-83a7-bb58e35f78c5,ocd-contest/28b432d6-25be-4203-b9b2-bfd4bf3bf16f,1316967,67,PROPOSITION 015 - POLITICAL REFORM ACT OF 1974: CALIFORNIA FAIR ELECTIONS ACT OF 2008.
2010 PRIMARY,2010-06-08 00:00:00+00:00,ocd-event/c91864e7-f052-4f5f-83a7-bb58e35f78c5,ocd-contest/24d1038d-e86b-430c-a7b4-cabd2be209d6,1321695,68,PROPOSITION 016 - NEW TWO-THIRDS VOTE REQUIREMENT FOR LOCAL PUBLIC ELECTRICITY PROVIDERS.
2010 PRIMARY,2010-06-08 00:00:00+00:00,ocd-event/c91864e7-f052-4f5f-83a7-bb58e35f78c5,ocd-contest/e9043a41-5eea-4e59-bcf4-6ce58e657884,1322446,69,PROPOSITION 017 - ALLOWS AUTO INSURANCE COMPANIES TO BASE THEIR PRICES IN PART ON A DRIVER'S HISTORY OF INSURANCE COVERAGE.
2010 GENERAL,2010-11-02 00:00:00+00:00,ocd-event/26a9e6ca-1883-4807-b643-0acadedb284d,ocd-contest/92d9bb09-bb6d-4bd1-8914-2291badd5120,1321713,50,PROPOSITION 019 - CHANGES CALIFORNIA LAW TO LEGALIZE MARIJUANA AND ALLOW IT TO BE REGULATED AND TAXED.
2010 GENERAL,2010-11-02 00:00:00+00:00,ocd-event/26a9e6ca-1883-4807-b643-0acadedb284d,ocd-contest/ae8ace15-ef26-4053-aca7-27c7312794c3,1322428,51,PROPOSITION 020 - REDISTRICTING OF CONGRESSIONAL DISTRICTS.
2010 GENERAL,2010-11-02 00:00:00+00:00,ocd-event/26a9e6ca-1883-4807-b643-0acadedb284d,ocd-contest/2a1fd870-a9c1-4015-abe1-6923c2a5ed1e,1323361,52,PROPOSITION 021 - ESTABLISHES $18 ANNUAL VEHICLE LICENSE SURCHARGE TO HELP FUND STATE PARKS AND WILDLIFE PROGRAMS AND GRANTS FREE ADMISSION TO ALL STATE PARKS TO SURCHARGED VEHICLES.
2010 GENERAL,2010-11-02 00:00:00+00:00,ocd-event/26a9e6ca-1883-4807-b643-0acadedb284d,ocd-contest/4af49e55-c72c-409b-8cb3-c1667a00975b,1323281,53,PROPOSITION 022 - PROHIBITS THE STATE FROM TAKING FUNDS USED FOR TRANSPORTATION OR LOCAL GOVERNMENT PROJECTS AND SERVICES.
2010 GENERAL,2010-11-02 00:00:00+00:00,ocd-event/26a9e6ca-1883-4807-b643-0acadedb284d,ocd-contest/a4d2ffc0-21dc-4427-beb9-6984f738ad65,1324800,54,PROPOSITION 023 - SUSPENDS AIR POLLUTION CONTROL LAWS REQUIRING MAJOR POLLUTERS TO REPORT AND REDUCE GREENHOUSE GAS EMISSIONS THAT CAUSE GLOBAL WARMING UNTIL UNEMPLOYMENT DROPS BELOW SPECIFIED LEVEL
2010 GENERAL,2010-11-02 00:00:00+00:00,ocd-event/26a9e6ca-1883-4807-b643-0acadedb284d,ocd-contest/e5871bcb-ac42-47f2-b327-7d4be901c47a,1323279,55,"PROPOSITION 024 - REPEALS RECENT LEGISLATION THAT WOULD ALLOW BUSINESSES TO CARRY BACK LOSSES, SHARE TAX CREDITS, AND USE A SALES-BASED INCOME CALCULATION TO LOWER TAXABLE INCOME."
2010 GENERAL,2010-11-02 00:00:00+00:00,ocd-event/26a9e6ca-1883-4807-b643-0acadedb284d,ocd-contest/3b3bf5b4-fd2a-4516-810c-e6652277b4d0,1323274,56,PROPOSITION 025 - CHANGES LEGISLATIVE VOTE REQUIREMENT TO PASS A BUDGET FROM TWO-THIRDS TO A SIMPLE MAJORITY. RETAINS TWO-THIRDS VOTE REQUIREMENT FOR TAXES.
2010 GENERAL,2010-11-02 00:00:00+00:00,ocd-event/26a9e6ca-1883-4807-b643-0acadedb284d,ocd-contest/9c0aa471-d7c7-47c4-a3de-32135e3868d6,1323965,57,PROPOSITION 026 - INCREASES LEGISLATIVE VOTE REQUIREMENT TO TWO-THIRDS FOR STATE LEVIES & CHARGES. IMPOSES ADDITIONAL REQUIREMENT FOR VOTERS TO APPROVE LOCAL LEVIES & CHARGES WITH LIMITED EXCEPTIONS.
2010 GENERAL,2010-11-02 00:00:00+00:00,ocd-event/26a9e6ca-1883-4807-b643-0acadedb284d,ocd-contest/2c3c6a43-0e74-4900-8b3a-23a3e40f3079,1324469,58,PROPOSITION 027 - ELIMINATES STATE COMMISSION ON REDISTRICTING. CONSOLIDATES AUTHORITY FOR REDISTRICTING WITH ELECTED REPRESENTATIVES.
2012 PRIMARY,2012-06-05 00:00:00+00:00,ocd-event/60ea61cd-6cc0-4d62-bfab-9ee832ab5e31,ocd-contest/9c973344-64a8-4d64-be76-d965f6481c56,1323006,37,PROPOSITION 028 - LIMITS ON LEGISLATORS' TERMS IN OFFICE. INITIATIVE CONSTITUTIONAL AMENDMENT.
2012 PRIMARY,2012-06-05 00:00:00+00:00,ocd-event/60ea61cd-6cc0-4d62-bfab-9ee832ab5e31,ocd-contest/7a2dde36-57aa-4217-a266-dc0cf9a02582,1324462,38,PROPOSITION 029 - IMPOSES ADDITIONAL TAX ON CIGARETTES FOR CANCER RESEARCH. INITIATIVE STATUTE.
2012 GENERAL,2012-11-06 00:00:00+00:00,ocd-event/6cf283c9-616c-4b5b-82b9-1fba4220ab33,ocd-contest/7e34cb0c-e253-4742-963f-a953362cae03,1346100,39,PROPOSITION 030 - TEMPORARY TAXES TO FUND EDUCATION. GUARANTEED LOCAL PUBLIC SAFETY FUNDING. INITIATIVE CONSTITUTIONAL AMENDMENT.
2012 GENERAL,2012-11-06 00:00:00+00:00,ocd-event/6cf283c9-616c-4b5b-82b9-1fba4220ab33,ocd-contest/3e92a550-ec2a-4592-ae3b-aeee13c70b7e,1343403,40,PROPOSITION 031 - STATE BUDGET. STATE AND LOCAL GOVERNMENT. INITIATIVE CONSTITUTIONAL AMENDMENT AND STATUTE.
2012 GENERAL,2012-11-06 00:00:00+00:00,ocd-event/6cf283c9-616c-4b5b-82b9-1fba4220ab33,ocd-contest/a64e1527-c9ca-4310-b2c4-c8fea5c58534,1338955,41,PROPOSITION 032 - PROHIBITS POLITICAL CONTRIBUTIONS BY PAYROLL DEDUCTIONS. PROHIBITIONS ON CONTRIBUTIONS TO CANDIDATES. INITIATIVE STATUTE.
2012 GENERAL,2012-11-06 00:00:00+00:00,ocd-event/6cf283c9-616c-4b5b-82b9-1fba4220ab33,ocd-contest/403cc0d7-0542-4589-ab65-ece54457a2a2,1340657,42,PROPOSITION 033 - CHANGES LAW TO ALLOW AUTO INSURANCE COMPANIES TO SET PRICES BASED ON A DRIVER'S HISTORY OF INSURANCE COVERAGE. INITIATIVE STATUTE.
2012 GENERAL,2012-11-06 00:00:00+00:00,ocd-event/6cf283c9-616c-4b5b-82b9-1fba4220ab33,ocd-contest/9f8738a9-04b3-4523-b394-9d3d7a0119ca,1342580,43,PROPOSITION 034 - DEATH PENALTY REPEAL. INITIATIVE STATUTE.
2012 GENERAL,2012-11-06 00:00:00+00:00,ocd-event/6cf283c9-616c-4b5b-82b9-1fba4220ab33,ocd-contest/b295c393-d977-472b-b9d0-9a06024f26c0,1343414,44,PROPOSITION 035 - HUMAN TRAFFICKING. PENALTIES. SEX OFFENDER REGISTRATION. INITIATIVE STATUTE.
2012 GENERAL,2012-11-06 00:00:00+00:00,ocd-event/6cf283c9-616c-4b5b-82b9-1fba4220ab33,ocd-contest/861a75fd-d3d4-45a0-a3d7-43e383de8af2,1343487,45,PROPOSITION 036 - THREE STRIKES LAW. SENTENCING FOR REPEAT FELONY OFFENDERS. INITIATIVE STATUTE.
2012 GENERAL,2012-11-06 00:00:00+00:00,ocd-event/6cf283c9-616c-4b5b-82b9-1fba4220ab33,ocd-contest/6f16d874-b81f-4013-947e-bf51d86eb4c8,1344799,46,PROPOSITION 037 - GENETICALLY ENGINEERED FOODS. MANDATORY LABELING. INITIATIVE STATUTE.
2012 GENERAL,2012-11-06 00:00:00+00:00,ocd-event/6cf283c9-616c-4b5b-82b9-1fba4220ab33,ocd-contest/2a9a8966-2c2b-4e09-9d88-a2ccc609636a,1345063,47,PROPOSITION 038 - TAX FOR EARLY EDUCATION AND EARLY CHILDHOOD PROGRAMS. INITIATIVE STATUTE.
2012 GENERAL,2012-11-06 00:00:00+00:00,ocd-event/6cf283c9-616c-4b5b-82b9-1fba4220ab33,ocd-contest/e9a981f9-a98e-4526-8c68-d1188fdb8492,1343442,48,PROPOSITION 039 - TAX TREATMENT FOR MULTISTATE BUSINESSES. CLEAN ENERGY AND ENERGY EFFICIENCY FUNDING. INITIATIVE STATUTE.
2012 GENERAL,2012-11-06 00:00:00+00:00,ocd-event/6cf283c9-616c-4b5b-82b9-1fba4220ab33,ocd-contest/a8d54d37-7c88-4e02-8917-fc5f6dcd2800,1341037,49,PROPOSITION 040 - REDISTRICTING. STATE SENATE DISTRICTS. REFERENDUM.
2014 PRIMARY,2014-06-03 00:00:00+00:00,ocd-event/84285b1d-bc75-4067-90e9-3dc0a6807280,ocd-contest/24c2d153-2784-41eb-ad16-32b4cc31546e,1361706,35,PROPOSITION 041 - VETERANS HOUSING AND HOMELESS PREVENTION BOND ACT OF 2014
2014 PRIMARY,2014-06-03 00:00:00+00:00,ocd-event/84285b1d-bc75-4067-90e9-3dc0a6807280,ocd-contest/197ee5ad-5d3d-4cd6-86f2-6760d686b495,1361705,36,PROPOSITION 042 - PUBLIC INFORMATION. OPEN MEETINGS. STATE REIMBURSEMENT TO LOCAL AGENCIES. LEGISLATIVE CONSTITUTIONAL AMENDMENT.
2014 GENERAL,2014-11-04 00:00:00+00:00,ocd-event/488466a4-8090-4379-899d-480ad92e47b8,ocd-contest/a9f24466-2436-4262-b5ee-d19215655b87,1369617,29,"PROPOSITION 001 - AB 1471 WATER QUALITY, SUPPLY AND INFRASTRUCTURE IMPROVEMENT ACT OF 2014"
2014 GENERAL,2014-11-04 00:00:00+00:00,ocd-event/488466a4-8090-4379-899d-480ad92e47b8,ocd-contest/f16410a1-3d09-426c-8f22-a3bd537d17f6,1339806,30,PROPOSITION 002 - STATE RESERVE POLICY.
2014 GENERAL,2014-11-04 00:00:00+00:00,ocd-event/488466a4-8090-4379-899d-480ad92e47b8,ocd-contest/9a029313-6d4a-492f-83a7-bb367f4a79b1,1343429,31,PROPOSITION 045 - APPROVAL OF HEALTHCARE INSURANCE RATE CHANGES. INITIATIVE STATUTE.
2014 GENERAL,2014-11-04 00:00:00+00:00,ocd-event/488466a4-8090-4379-899d-480ad92e47b8,ocd-contest/4ea3f7a6-6643-4ee5-9f48-162166911767,1361585,32,PROPOSITION 046 - DRUG AND ALCOHOL TESTING OF DOCTORS. MEDICAL NEGLIGENCE LAWSUITS. INITIATIVE STATUTE.
2014 GENERAL,2014-11-04 00:00:00+00:00,ocd-event/488466a4-8090-4379-899d-480ad92e47b8,ocd-contest/c01ef74b-1351-4551-923b-bf6620a964f2,1363898,33,PROPOSITION 047 - CRIMINAL SENTENCES. MISDEMEANOR PENALTIES. INITIATIVE STATUTE.
2014 GENERAL,2014-11-04 00:00:00+00:00,ocd-event/488466a4-8090-4379-899d-480ad92e47b8,ocd-contest/5c646762-b3c1-4ca1-bc60-a345d9c8cf1b,1359095,34,PROPOSITION 048 - REFERENDUM TO OVERTURN INDIAN GAMING COMPACTS.
2016 PRIMARY,2016-06-07 00:00:00+00:00,ocd-event/0ab5dde3-7745-4602-aa1f-bf5dbada5889,ocd-contest/141d4b5a-9851-4071-8738-01909dcf6519,1382394,87,"PROPOSITION 050 - SCA 17 (RESOLUTION CHAPTER 127, STATUTES OF 2014), STEINBERG. MEMBERS OF THE LEGISLATURE: SUSPENSION"
2016 GENERAL,2016-11-08 00:00:00+00:00,ocd-event/9c8198bc-a05f-44b9-9352-ea04800c55aa,ocd-contest/08324a50-6e16-4a9a-8f66-ea1fa4dea70d,1376258,70,PROPOSITION 051 - SCHOOL BONDS. FUNDING FOR K-12 SCHOOL AND COMMUNITY COLLEGE FACILITIES. INITIATIVE STATUTORY AMENDMENT.
2016 GENERAL,2016-11-08 00:00:00+00:00,ocd-event/9c8198bc-a05f-44b9-9352-ea04800c55aa,ocd-contest/2d4de540-adcb-4c2e-a58b-13f43f60fff1,1362198,71,PROPOSITION 052 - STATE FEES ON HOSPITALS. FEDERAL MEDI-CAL MATCHING FUNDS. INITIATIVE STATUTORY AND CONSTITUTIONAL AMENDMENT.
2016 GENERAL,2016-11-08 00:00:00+00:00,ocd-event/9c8198bc-a05f-44b9-9352-ea04800c55aa,ocd-contest/687d67df-238e-4424-89d5-7445dcd43aee,1376142,72,PROPOSITION 053 - REVENUE BONDS. STATEWIDE VOTER APPROVAL. INITIATIVE CONSTITUTIONAL AMENDMENT.
2016 GENERAL,2016-11-08 00:00:00+00:00,ocd-event/9c8198bc-a05f-44b9-9352-ea04800c55aa,ocd-contest/ea81f6ce-4b1c-42b9-9455-9edceafe9561,1381642,73,PROPOSITION 054 - LEGISLATURE. LEGISLATION AND PROCEEDINGS. INITIATIVE CONSTITUTIONAL AMENDMENT AND STATUTE.
2016 GENERAL,2016-11-08 00:00:00+00:00,ocd-event/9c8198bc-a05f-44b9-9352-ea04800c55aa,ocd-contest/5961b189-8414-45ba-9253-eac65069e5d7,1382647,74,PROPOSITION 055 - TAX EXTENSION TO FUND EDUCATION AND HEALTHCARE. INITIATIVE CONSTITUTIONAL AMENDMENT.
2016 GENERAL,2016-11-08 00:00:00+00:00,ocd-event/9c8198bc-a05f-44b9-9352-ea04800c55aa,ocd-contest/7ae8b4a5-2c36-413d-9ca5-72ce3f1e289d,1381640,75,"PROPOSITION 056 - CIGARETTE TAX TO FUND HEALTHCARE, TOBACCO USE PREVENTION, RESEARCH, AND LAW ENFORCEMENT. INITIATIVE CONSTITUTIONAL AMENDMENT AND STATUTE."
2016 GENERAL,2016-11-08 00:00:00+00:00,ocd-event/9c8198bc-a05f-44b9-9352-ea04800c55aa,ocd-contest/8c8a3fef-6fea-4031-910f-9fbd01ba1f4d,1383319,76,PROPOSITION 057 - CRIMINAL SENTENCES. JUVENILE CRIMINAL PROCEEDINGS AND SENTENCING. INITIATIVE CONSTITUTIONAL AMENDMENT AND STATUTE.
2016 GENERAL,2016-11-08 00:00:00+00:00,ocd-event/9c8198bc-a05f-44b9-9352-ea04800c55aa,ocd-contest/3db22e03-360e-45b0-bc57-d8d798dfb510,1382395,77,"PROPOSITION 058 - SB 1174 (CHAPTER 753, STATUTES OF 2014), LARA. ENGLISH LANGUAGE EDUCATION"
2016 GENERAL,2016-11-08 00:00:00+00:00,ocd-event/9c8198bc-a05f-44b9-9352-ea04800c55aa,ocd-contest/8a690633-cba0-4838-beae-8a27e058cc15,1386783,78,"PROPOSITION 059- SB 254 (CHAPTER 20, STATUTES OF 2016), ALLEN. CAMPAIGN FINANCE: VOTER INSTRUCTION"
2016 GENERAL,2016-11-08 00:00:00+00:00,ocd-event/9c8198bc-a05f-44b9-9352-ea04800c55aa,ocd-contest/1df18bd0-02a0-4d5e-96bd-6c80ff64d6f9,1376195,79,PROPOSITION 060- ADULT FILMS. CONDOMS. HEALTH REQUIREMENTS. INITIATIVE STATUTE.
2016 GENERAL,2016-11-08 00:00:00+00:00,ocd-event/9c8198bc-a05f-44b9-9352-ea04800c55aa,ocd-contest/5e7acbdb-1965-414e-b18a-7f348635344e,1377343,80,PROPOSITION 061- STATE PRESCRIPTION DRUG PURCHASES. PRICING STANDARDS. INITIATIVE STATUTE.
2016 GENERAL,2016-11-08 00:00:00+00:00,ocd-event/9c8198bc-a05f-44b9-9352-ea04800c55aa,ocd-contest/c79212ca-2a51-459c-8ef1-2bc29c46bf39,1381268,81,PROPOSITION 062- DEATH PENALTY. INITIATIVE STATUTE.
2016 GENERAL,2016-11-08 00:00:00+00:00,ocd-event/9c8198bc-a05f-44b9-9352-ea04800c55aa,ocd-contest/6516fe7d-c7fb-4315-8f1d-31027eff464f,1381803,82,PROPOSITION 063- FIREARMS. AMMUNITION SALES. INTIATIVE STATUTE.
2016 GENERAL,2016-11-08 00:00:00+00:00,ocd-event/9c8198bc-a05f-44b9-9352-ea04800c55aa,ocd-contest/2a015401-92bc-47f6-bcf9-100ef333b05e,1381868,83,PROPOSITION 064- MARIJUANA LEGALIZATION. INITIATIVE STATUTE.
2016 GENERAL,2016-11-08 00:00:00+00:00,ocd-event/9c8198bc-a05f-44b9-9352-ea04800c55aa,ocd-contest/9da3389c-cb25-4a94-a659-f1a09f3a9de6,1381520,84,PROPOSITION 065- CARRY-OUT BAGS. CHARGES. INITIATIVE STATUTE.
2016 GENERAL,2016-11-08 00:00:00+00:00,ocd-event/9c8198bc-a05f-44b9-9352-ea04800c55aa,ocd-contest/60ef9a20-9963-45f1-a170-e9e5b35a3295,1381724,85,PROPOSITION 066- DEATH PENALTY. PROCEDURES. INITIATIVE STATUTE.
2016 GENERAL,2016-11-08 00:00:00+00:00,ocd-event/9c8198bc-a05f-44b9-9352-ea04800c55aa,ocd-contest/50193a28-c6b0-4105-b1b6-a82ee0805402,1372638,86,PROPOSITION 067- REFERENDUM TO OVERTURN BAN ON SINGLE-USE PLASTIC BAGS.
